ID,Numeric_ID,Company,Role,Tier,Location,Work_Arrangement,Hours_Per_Week,Compensation,Realistic_Success_Ratio,Urgency,Strategic_Action,Status,Application_Status,Apply_URL,Vault_Note,Key_Highlights_Summary,Missing_Skills_Summary
opp-01-zest-ai-data-scientist,1,Zest AI,Data Scientist,Tier 2: Remote & Flexible Opportunities,"Burbank, CA, United States (Remote)",Full-Time / New Grad,Full-Time (40 hrs/week),"$90,000 - $135,000 / yr",45% - 60%,⚠️ URGENT (Posted < 24-48h),Review Full-Time vs Part-Time Schedule Compatibility,eligible,wishlist,https://jobright.ai/jobs/info/6ac40d87372c01f6cd733b91?utm_campaign=Data%20Analysis&utm_source=1103,004-work-opportunities/eligible/opp-01-zest-ai-data-scientist.md,"Align core data science competencies: Python (NumPy, pandas, Scikit-Learn), exploratory data analysis, and predictive modeling. | Highlight mathematical and statistical rigor: hypothesis testing, regression analysis, and evaluation metrics (AUC-ROC, F1, RMSE). | [ACTION REQUIRED] Document verified projects in 001-background/projects/ to provide concrete metric evidence.","Production MLOps / Cloud Deployment (AWS SageMaker / GCP Vertex AI / Docker) | Distributed Computing / Big Data pipelines (PySpark / SQL at scale) | Experimentation platforms (A/B testing, causal inference in production)"
opp-02-billtrust-associate-data-scientist,2,Billtrust,Associate Data Scientist,Tier 2: Remote & Flexible Opportunities,"Hamilton Township, NJ, United States (Remote)",Full-Time / New Grad,Full-Time (40 hrs/week),"$90,000 - $135,000 / yr",45% - 60%,⚠️ URGENT (Posted < 24-48h),Review Full-Time vs Part-Time Schedule Compatibility,eligible,wishlist,https://jobright.ai/jobs/info/6a4422ccef17a815538a3064?utm_campaign=Data%20Analysis&utm_source=1103,004-work-opportunities/eligible/opp-02-billtrust-associate-data-scientist.md,"Align core data science competencies: Python (NumPy, pandas, Scikit-Learn), exploratory data analysis, and predictive modeling. | Highlight mathematical and statistical rigor: hypothesis testing, regression analysis, and evaluation metrics (AUC-ROC, F1, RMSE). | [ACTION REQUIRED] Document verified projects in 001-background/projects/ to provide concrete metric evidence.","Production MLOps / Cloud Deployment (AWS SageMaker / GCP Vertex AI / Docker) | Distributed Computing / Big Data pipelines (PySpark / SQL at scale) | Experimentation platforms (A/B testing, causal inference in production)"
opp-03-bending-spoons-graduate-data-scientist,3,Bending Spoons,Graduate data scientist,Tier 2: Remote & Flexible Opportunities,"London, England, United Kingdom (Remote)",Full-Time / New Grad,Full-Time (40 hrs/week),"$90,000 - $135,000 / yr",45% - 60%,High (Posted this week),Review Full-Time vs Part-Time Schedule Compatibility,eligible,wishlist,https://jobright.ai/jobs/info/6aa9c3596d0edc2d91b0b3fe?utm_campaign=Data%20Analysis&utm_source=1103,004-work-opportunities/eligible/opp-03-bending-spoons-graduate-data-scientist.md,"Align core data science competencies: Python (NumPy, pandas, Scikit-Learn), exploratory data analysis, and predictive modeling. | Highlight mathematical and statistical rigor: hypothesis testing, regression analysis, and evaluation metrics (AUC-ROC, F1, RMSE). | [ACTION REQUIRED] Document verified projects in 001-background/projects/ to provide concrete metric evidence.","Production MLOps / Cloud Deployment (AWS SageMaker / GCP Vertex AI / Docker) | Distributed Computing / Big Data pipelines (PySpark / SQL at scale) | Experimentation platforms (A/B testing, causal inference in production)"
opp-04-thatch-data-scientist-analytics,4,Thatch,"Data Scientist, Analytics",Tier 2: Remote & Flexible Opportunities,United States (Remote),Full-Time / New Grad,Full-Time (40 hrs/week),"$90,000 - $135,000 / yr",45% - 60%,High (Posted this week),Review Full-Time vs Part-Time Schedule Compatibility,eligible,wishlist,https://jobright.ai/jobs/info/6a737fe66a034212ea027ea6?utm_campaign=Data%20Analysis&utm_source=1103,004-work-opportunities/eligible/opp-04-thatch-data-scientist-analytics.md,"Align core data science competencies: Python (NumPy, pandas, Scikit-Learn), exploratory data analysis, and predictive modeling. | Highlight mathematical and statistical rigor: hypothesis testing, regression analysis, and evaluation metrics (AUC-ROC, F1, RMSE). | [ACTION REQUIRED] Document verified projects in 001-background/projects/ to provide concrete metric evidence.","Production MLOps / Cloud Deployment (AWS SageMaker / GCP Vertex AI / Docker) | Distributed Computing / Big Data pipelines (PySpark / SQL at scale) | Experimentation platforms (A/B testing, causal inference in production)"
opp-05-datacor-data-science-summer-2027-internship-program,5,Datacor,Data Science Summer 2027 Internship Program,Tier 2: Remote & Flexible Opportunities,Remote - USA,Internship / Co-op,20-40 hrs/week (Flexible/Term-dependent),$35 - $65 / hr (Est. Market Rate),65% - 80%,High (Posted this week),High Priority Application (Tailor CV via tailored-cv),eligible,wishlist,https://job-boards.greenhouse.io/datacor/jobs/5242412007,004-work-opportunities/eligible/opp-05-datacor-data-science-summer-2027-internship-program.md,"Align core data science competencies: Python (NumPy, pandas, Scikit-Learn), exploratory data analysis, and predictive modeling. | Highlight mathematical and statistical rigor: hypothesis testing, regression analysis, and evaluation metrics (AUC-ROC, F1, RMSE). | [ACTION REQUIRED] Document verified projects in 001-background/projects/ to provide concrete metric evidence.","Production MLOps / Cloud Deployment (AWS SageMaker / GCP Vertex AI / Docker) | Distributed Computing / Big Data pipelines (PySpark / SQL at scale) | Experimentation platforms (A/B testing, causal inference in production)"
opp-06-datacor-data-science-intern-summer-2027-program,6,Datacor,Data Science Intern - Summer 2027 - Program,Tier 2: Remote & Flexible Opportunities,Remote in USA,Internship / Co-op,20-40 hrs/week (Flexible/Term-dependent),$35 - $65 / hr (Est. Market Rate),65% - 80%,High (Posted this week),High Priority Application (Tailor CV via tailored-cv),eligible,wishlist,https://job-boards.greenhouse.io/datacor/jobs/5242412007?utm_source=Simplify&ref=Simplify,004-work-opportunities/eligible/opp-06-datacor-data-science-intern-summer-2027-program.md,"Align core data science competencies: Python (NumPy, pandas, Scikit-Learn), exploratory data analysis, and predictive modeling. | Highlight mathematical and statistical rigor: hypothesis testing, regression analysis, and evaluation metrics (AUC-ROC, F1, RMSE). | [ACTION REQUIRED] Document verified projects in 001-background/projects/ to provide concrete metric evidence.","Production MLOps / Cloud Deployment (AWS SageMaker / GCP Vertex AI / Docker) | Distributed Computing / Big Data pipelines (PySpark / SQL at scale) | Experimentation platforms (A/B testing, causal inference in production)"
opp-07-bending-spoons-data-scientist,7,Bending Spoons,Data scientist,Tier 2: Remote & Flexible Opportunities,"London, England, United Kingdom (Remote)",Full-Time / New Grad,Full-Time (40 hrs/week),"$90,000 - $135,000 / yr",45% - 60%,High (Posted this week),Review Full-Time vs Part-Time Schedule Compatibility,eligible,wishlist,https://jobright.ai/jobs/info/6aaa0906a2db131437b605e4?utm_campaign=Data%20Analysis&utm_source=1103,004-work-opportunities/eligible/opp-07-bending-spoons-data-scientist.md,"Align core data science competencies: Python (NumPy, pandas, Scikit-Learn), exploratory data analysis, and predictive modeling. | Highlight mathematical and statistical rigor: hypothesis testing, regression analysis, and evaluation metrics (AUC-ROC, F1, RMSE). | [ACTION REQUIRED] Document verified projects in 001-background/projects/ to provide concrete metric evidence.","Production MLOps / Cloud Deployment (AWS SageMaker / GCP Vertex AI / Docker) | Distributed Computing / Big Data pipelines (PySpark / SQL at scale) | Experimentation platforms (A/B testing, causal inference in production)"
opp-08-datacor-data-science-intern-summer-2027-program,8,Datacor,Data Science Intern - Summer 2027 - Program 🎓,Tier 2: Remote & Flexible Opportunities,Remote in USA,Internship / Co-op,20-40 hrs/week (Flexible/Term-dependent),$35 - $65 / hr (Est. Market Rate),65% - 80%,High (Posted this week),High Priority Application (Tailor CV via tailored-cv),eligible,wishlist,https://job-boards.greenhouse.io/datacor/jobs/5242412007?utm_source=Simplify&ref=Simplify,004-work-opportunities/eligible/opp-08-datacor-data-science-intern-summer-2027-program.md,"Align core data science competencies: Python (NumPy, pandas, Scikit-Learn), exploratory data analysis, and predictive modeling. | Highlight mathematical and statistical rigor: hypothesis testing, regression analysis, and evaluation metrics (AUC-ROC, F1, RMSE). | [ACTION REQUIRED] Document verified projects in 001-background/projects/ to provide concrete metric evidence.","Production MLOps / Cloud Deployment (AWS SageMaker / GCP Vertex AI / Docker) | Distributed Computing / Big Data pipelines (PySpark / SQL at scale) | Experimentation platforms (A/B testing, causal inference in production)"
opp-09-disruptive-solutions-llc-jr-dashboard-developerdata-s,9,"Disruptive Solutions, LLC",Jr. Dashboard Developer/Data Scientist,Tier 2: Remote & Flexible Opportunities,United States (Remote),Full-Time / New Grad,Full-Time (40 hrs/week),"$90,000 - $135,000 / yr",45% - 60%,High (Posted this week),Review Full-Time vs Part-Time Schedule Compatibility,eligible,wishlist,https://jobright.ai/jobs/info/6abd71954ac55253f5d5d6c0?utm_campaign=Data%20Analysis&utm_source=1103,004-work-opportunities/eligible/opp-09-disruptive-solutions-llc-jr-dashboard-developerdata-s.md,"Align core data science competencies: Python (NumPy, pandas, Scikit-Learn), exploratory data analysis, and predictive modeling. | Highlight mathematical and statistical rigor: hypothesis testing, regression analysis, and evaluation metrics (AUC-ROC, F1, RMSE). | [ACTION REQUIRED] Document verified projects in 001-background/projects/ to provide concrete metric evidence.","Production MLOps / Cloud Deployment (AWS SageMaker / GCP Vertex AI / Docker) | Distributed Computing / Big Data pipelines (PySpark / SQL at scale) | Experimentation platforms (A/B testing, causal inference in production)"
opp-10-character-biosciences-data-scientist-i-ii,10,Character Biosciences,Data Scientist I / II,Tier 2: Remote & Flexible Opportunities,"Jersey City, NJ, United States (Remote)",Full-Time / New Grad,Full-Time (40 hrs/week),"$90,000 - $135,000 / yr",45% - 60%,High (Posted this week),Review Full-Time vs Part-Time Schedule Compatibility,eligible,wishlist,https://jobright.ai/jobs/info/6abbec92b23c6fb2b81a3db5?utm_campaign=Data%20Analysis&utm_source=1103,004-work-opportunities/eligible/opp-10-character-biosciences-data-scientist-i-ii.md,"Align core data science competencies: Python (NumPy, pandas, Scikit-Learn), exploratory data analysis, and predictive modeling. | Highlight mathematical and statistical rigor: hypothesis testing, regression analysis, and evaluation metrics (AUC-ROC, F1, RMSE). | [ACTION REQUIRED] Document verified projects in 001-background/projects/ to provide concrete metric evidence.","Production MLOps / Cloud Deployment (AWS SageMaker / GCP Vertex AI / Docker) | Distributed Computing / Big Data pipelines (PySpark / SQL at scale) | Experimentation platforms (A/B testing, causal inference in production)"
opp-11-american-heart-association-intern-epidemiology-data-s,11,American Heart Association,Intern - Epidemiology - Data Science & Evaluation-Remote,Tier 2: Remote & Flexible Opportunities,"Dallas, TX",Internship / Co-op,20-40 hrs/week (Flexible/Term-dependent),$35 - $65 / hr (Est. Market Rate),65% - 80%,High (Posted this week),High Priority Application (Tailor CV via tailored-cv),eligible,wishlist,https://careers-heart.icims.com/jobs/18244/intern%2c-epidemiology%2c-data-science-%26-evaluation-remote/job,004-work-opportunities/eligible/opp-11-american-heart-association-intern-epidemiology-data-s.md,"Align core data science competencies: Python (NumPy, pandas, Scikit-Learn), exploratory data analysis, and predictive modeling. | Highlight mathematical and statistical rigor: hypothesis testing, regression analysis, and evaluation metrics (AUC-ROC, F1, RMSE). | [ACTION REQUIRED] Document verified projects in 001-background/projects/ to provide concrete metric evidence.","Production MLOps / Cloud Deployment (AWS SageMaker / GCP Vertex AI / Docker) | Distributed Computing / Big Data pipelines (PySpark / SQL at scale) | Experimentation platforms (A/B testing, causal inference in production)"
opp-12-monzo-associate-data-scientist-intern,12,Monzo,Associate Data Scientist - Intern,Tier 2: Remote & Flexible Opportunities,"Remote - Cardiff, United Kingdom +1",Internship / Co-op,20-40 hrs/week (Flexible/Term-dependent),$35 - $65 / hr (Est. Market Rate),65% - 80%,High (Posted this week),High Priority Application (Tailor CV via tailored-cv),eligible,wishlist,https://job-boards.greenhouse.io/monzo/jobs/8232726,004-work-opportunities/eligible/opp-12-monzo-associate-data-scientist-intern.md,"Align core data science competencies: Python (NumPy, pandas, Scikit-Learn), exploratory data analysis, and predictive modeling. | Highlight mathematical and statistical rigor: hypothesis testing, regression analysis, and evaluation metrics (AUC-ROC, F1, RMSE). | [ACTION REQUIRED] Document verified projects in 001-background/projects/ to provide concrete metric evidence.","Production MLOps / Cloud Deployment (AWS SageMaker / GCP Vertex AI / Docker) | Distributed Computing / Big Data pipelines (PySpark / SQL at scale) | Experimentation platforms (A/B testing, causal inference in production)"
opp-13-icf-2027-summer-intern-data-scientist-reston-va-denve,13,icf,"2027 Summer Intern, Data Scientist (Reston, VA; Denver, CO; Remote)",Tier 2: Remote & Flexible Opportunities,"Reston, VA (+2)",Internship / Co-op,20-40 hrs/week (Flexible/Term-dependent),$35 - $65 / hr (Est. Market Rate),65% - 80%,High (Posted this week),High Priority Application (Tailor CV via tailored-cv),eligible,wishlist,https://icf.wd5.myworkdayjobs.com/ICFExternal_Career_Site/job/Reston-VA/XMLNAME-2027-Summer-Intern--Data-Scientist--Reston--VA--Denver--CO--Remote-_R2603252,004-work-opportunities/eligible/opp-13-icf-2027-summer-intern-data-scientist-reston-va-denve.md,"Align core data science competencies: Python (NumPy, pandas, Scikit-Learn), exploratory data analysis, and predictive modeling. | Highlight mathematical and statistical rigor: hypothesis testing, regression analysis, and evaluation metrics (AUC-ROC, F1, RMSE). | [ACTION REQUIRED] Document verified projects in 001-background/projects/ to provide concrete metric evidence.","Production MLOps / Cloud Deployment (AWS SageMaker / GCP Vertex AI / Docker) | Distributed Computing / Big Data pipelines (PySpark / SQL at scale) | Experimentation platforms (A/B testing, causal inference in production)"
opp-14-icf-2027-summer-intern-data-scientist-reston-va-denve,14,ICF,2027 Summer Intern - Data Scientist - Reston - VA; Denver - CO; Remote,Tier 2: Remote & Flexible Opportunities,"Remote - Reston, VA +1",Internship / Co-op,20-40 hrs/week (Flexible/Term-dependent),$35 - $65 / hr (Est. Market Rate),65% - 80%,Medium (Active 2-3 weeks),High Priority Application (Tailor CV via tailored-cv),eligible,wishlist,https://icf.wd5.myworkdayjobs.com/en-US/icfexternal_career_site/job/Reston-VA/XMLNAME-2027-Summer-Intern--Data-Scientist--Reston--VA--Denver--CO--Remote-_R2603252,004-work-opportunities/eligible/opp-14-icf-2027-summer-intern-data-scientist-reston-va-denve.md,"Align core data science competencies: Python (NumPy, pandas, Scikit-Learn), exploratory data analysis, and predictive modeling. | Highlight mathematical and statistical rigor: hypothesis testing, regression analysis, and evaluation metrics (AUC-ROC, F1, RMSE). | [ACTION REQUIRED] Document verified projects in 001-background/projects/ to provide concrete metric evidence.","Production MLOps / Cloud Deployment (AWS SageMaker / GCP Vertex AI / Docker) | Distributed Computing / Big Data pipelines (PySpark / SQL at scale) | Experimentation platforms (A/B testing, causal inference in production)"
opp-15-icf-international-data-scientist-intern,15,ICF International,Data Scientist Intern,Tier 2: Remote & Flexible Opportunities,"Remote in USA Reston, VA Denver, CO",Internship / Co-op,20-40 hrs/week (Flexible/Term-dependent),$35 - $65 / hr (Est. Market Rate),65% - 80%,Medium (Active 2-3 weeks),High Priority Application (Tailor CV via tailored-cv),eligible,wishlist,https://icf.wd5.myworkdayjobs.com/icfexternal_career_site/job/Reston-VA/XMLNAME-2027-Summer-Intern--Data-Scientist--Reston--VA--Denver--CO--Remote-_R2603252?utm_source=Simplify&ref=Simplify,004-work-opportunities/eligible/opp-15-icf-international-data-scientist-intern.md,"Align core data science competencies: Python (NumPy, pandas, Scikit-Learn), exploratory data analysis, and predictive modeling. | Highlight mathematical and statistical rigor: hypothesis testing, regression analysis, and evaluation metrics (AUC-ROC, F1, RMSE). | [ACTION REQUIRED] Document verified projects in 001-background/projects/ to provide concrete metric evidence.","Production MLOps / Cloud Deployment (AWS SageMaker / GCP Vertex AI / Docker) | Distributed Computing / Big Data pipelines (PySpark / SQL at scale) | Experimentation platforms (A/B testing, causal inference in production)"
opp-16-wurl-data-science-intern,16,Wurl,Data Science Intern,Tier 2: Remote & Flexible Opportunities,Remote - United States,Internship / Co-op,20-40 hrs/week (Flexible/Term-dependent),$30/hr,65% - 80%,Medium (Active 2-3 weeks),High Priority Application (Tailor CV via tailored-cv),eligible,wishlist,https://job-boards.greenhouse.io/wurljobs/jobs/4716249006,004-work-opportunities/eligible/opp-16-wurl-data-science-intern.md,"Align core data science competencies: Python (NumPy, pandas, Scikit-Learn), exploratory data analysis, and predictive modeling. | Highlight mathematical and statistical rigor: hypothesis testing, regression analysis, and evaluation metrics (AUC-ROC, F1, RMSE). | [ACTION REQUIRED] Document verified projects in 001-background/projects/ to provide concrete metric evidence.","Production MLOps / Cloud Deployment (AWS SageMaker / GCP Vertex AI / Docker) | Distributed Computing / Big Data pipelines (PySpark / SQL at scale) | Experimentation platforms (A/B testing, causal inference in production)"
opp-17-american-heart-association-intern-data-science-biosta,17,American Heart Association,Intern - Data Science - Biostatistics-Remote,Tier 2: Remote & Flexible Opportunities,"Dallas, TX",Internship / Co-op,20-40 hrs/week (Flexible/Term-dependent),$35 - $65 / hr (Est. Market Rate),65% - 80%,Medium (Active 2-3 weeks),High Priority Application (Tailor CV via tailored-cv),eligible,wishlist,https://careers-heart.icims.com/jobs/18249/intern%2c-data-science%2c-biostatistics-remote/job,004-work-opportunities/eligible/opp-17-american-heart-association-intern-data-science-biosta.md,"Align core data science competencies: Python (NumPy, pandas, Scikit-Learn), exploratory data analysis, and predictive modeling. | Highlight mathematical and statistical rigor: hypothesis testing, regression analysis, and evaluation metrics (AUC-ROC, F1, RMSE). | [ACTION REQUIRED] Document verified projects in 001-background/projects/ to provide concrete metric evidence.","Production MLOps / Cloud Deployment (AWS SageMaker / GCP Vertex AI / Docker) | Distributed Computing / Big Data pipelines (PySpark / SQL at scale) | Experimentation platforms (A/B testing, causal inference in production)"
opp-18-biogen-co-op-data-science-ai-innovation,18,Biogen,"Co-op, Data Science & AI Innovation",Tier 2: Remote & Flexible Opportunities,"Remote, USA",Internship / Co-op,20-40 hrs/week (Flexible/Term-dependent),"$90,000 - $135,000 / yr",45% - 60%,Medium (Active 2-3 weeks),Review Full-Time vs Part-Time Schedule Compatibility,eligible,wishlist,https://biibhr.wd3.myworkdayjobs.com/external/job/Remote-USA/Co-op--Data-Science---AI-Innovation_REQ24209,004-work-opportunities/eligible/opp-18-biogen-co-op-data-science-ai-innovation.md,"Align core data science competencies: Python (NumPy, pandas, Scikit-Learn), exploratory data analysis, and predictive modeling. | Highlight mathematical and statistical rigor: hypothesis testing, regression analysis, and evaluation metrics (AUC-ROC, F1, RMSE). | [ACTION REQUIRED] Document verified projects in 001-background/projects/ to provide concrete metric evidence.","Production MLOps / Cloud Deployment (AWS SageMaker / GCP Vertex AI / Docker) | Distributed Computing / Big Data pipelines (PySpark / SQL at scale) | Experimentation platforms (A/B testing, causal inference in production)"
opp-19-biogen-co-op-data-science,19,Biogen,"Co-op, Data Science",Tier 2: Remote & Flexible Opportunities,"Remote, USA",Internship / Co-op,20-40 hrs/week (Flexible/Term-dependent),"$90,000 - $135,000 / yr",45% - 60%,Medium (Active 2-3 weeks),Review Full-Time vs Part-Time Schedule Compatibility,eligible,wishlist,https://biibhr.wd3.myworkdayjobs.com/external/job/Remote-USA/Co-op--Data-Science_REQ24211,004-work-opportunities/eligible/opp-19-biogen-co-op-data-science.md,"Align core data science competencies: Python (NumPy, pandas, Scikit-Learn), exploratory data analysis, and predictive modeling. | Highlight mathematical and statistical rigor: hypothesis testing, regression analysis, and evaluation metrics (AUC-ROC, F1, RMSE). | [ACTION REQUIRED] Document verified projects in 001-background/projects/ to provide concrete metric evidence.","Production MLOps / Cloud Deployment (AWS SageMaker / GCP Vertex AI / Docker) | Distributed Computing / Big Data pipelines (PySpark / SQL at scale) | Experimentation platforms (A/B testing, causal inference in production)"
opp-20-american-heart-association-intern-data-science-machin,20,American Heart Association,Intern - Data Science - Machine Learning & AI-Remote,Tier 2: Remote & Flexible Opportunities,"Dallas, TX",Internship / Co-op,20-40 hrs/week (Flexible/Term-dependent),$35 - $65 / hr (Est. Market Rate),65% - 80%,Medium (Active 2-3 weeks),High Priority Application (Tailor CV via tailored-cv),eligible,wishlist,https://careers-heart.icims.com/jobs/18243/intern%2c-data-science%2c-machine-learning-%26-ai-remote/job,004-work-opportunities/eligible/opp-20-american-heart-association-intern-data-science-machin.md,"Align core data science competencies: Python (NumPy, pandas, Scikit-Learn), exploratory data analysis, and predictive modeling. | Highlight mathematical and statistical rigor: hypothesis testing, regression analysis, and evaluation metrics (AUC-ROC, F1, RMSE). | [ACTION REQUIRED] Document verified projects in 001-background/projects/ to provide concrete metric evidence.","Production MLOps / Cloud Deployment (AWS SageMaker / GCP Vertex AI / Docker) | Distributed Computing / Big Data pipelines (PySpark / SQL at scale) | Experimentation platforms (A/B testing, causal inference in production)"
opp-21-perkinelmer-data-science-intern-asset-intelligence,21,PerkinElmer,"Data Science Intern, Asset Intelligence",Tier 2: Remote & Flexible Opportunities,US Remote - NY,Internship / Co-op,20-40 hrs/week (Flexible/Term-dependent),$35 - $65 / hr (Est. Market Rate),65% - 80%,Medium (Active 2-3 weeks),High Priority Application (Tailor CV via tailored-cv),eligible,wishlist,https://newperkinelmer.wd1.myworkdayjobs.com/External/job/US-Remote---NY/Data-Science-Intern--Asset-Intelligence_REQ-058421,004-work-opportunities/eligible/opp-21-perkinelmer-data-science-intern-asset-intelligence.md,"Align core data science competencies: Python (NumPy, pandas, Scikit-Learn), exploratory data analysis, and predictive modeling. | Highlight mathematical and statistical rigor: hypothesis testing, regression analysis, and evaluation metrics (AUC-ROC, F1, RMSE). | [ACTION REQUIRED] Document verified projects in 001-background/projects/ to provide concrete metric evidence.","Production MLOps / Cloud Deployment (AWS SageMaker / GCP Vertex AI / Docker) | Distributed Computing / Big Data pipelines (PySpark / SQL at scale) | Experimentation platforms (A/B testing, causal inference in production)"
opp-22-focuskpi-remote-phd-data-science-intern-media-mix-mod,22,FocusKPI,Remote PhD Data Science Intern - Media Mix Modeling,Tier 2: Remote & Flexible Opportunities,"Any, CA",Internship / Co-op,20-40 hrs/week (Flexible/Term-dependent),$35 - $65 / hr (Est. Market Rate),5% - 15%,Standard Audit Pool,Deprioritize (PhD Requirement Gate),non-eligible,wishlist,https://focuskpi.applytojob.com/apply/uxGrqatvGx/Remote-PhD-Data-Science-Intern-Media-Mix-Modeling,,"Align core data science competencies: Python (NumPy, pandas, Scikit-Learn), exploratory data analysis, and predictive modeling. | Highlight mathematical and statistical rigor: hypothesis testing, regression analysis, and evaluation metrics (AUC-ROC, F1, RMSE). | [ACTION REQUIRED] Document verified projects in 001-background/projects/ to provide concrete metric evidence.","Production MLOps / Cloud Deployment (AWS SageMaker / GCP Vertex AI / Docker) | Distributed Computing / Big Data pipelines (PySpark / SQL at scale) | Experimentation platforms (A/B testing, causal inference in production)"
opp-23-amgen-data-scientist-intern-amgens-technology-medical,23,Amgen,Data Scientist Intern - Amgen’s Technology & Medical Organizations,Tier 2: Remote & Flexible Opportunities,Remote in USA,Internship / Co-op,20-40 hrs/week (Flexible/Term-dependent),$35 - $65 / hr (Est. Market Rate),65% - 80%,Standard Audit Pool,High Priority Application (Tailor CV via tailored-cv),eligible,wishlist,https://amgen.wd1.myworkdayjobs.com/careers/job/United-States---Remote/Grad-Intern---Data-Scientist---Amgen-s-Technology---Medical-Organizations--Summer-2027-_R-255722?utm_source=Simplify&ref=Simplify,004-work-opportunities/eligible/opp-23-amgen-data-scientist-intern-amgens-technology-medical.md,"Align core data science competencies: Python (NumPy, pandas, Scikit-Learn), exploratory data analysis, and predictive modeling. | Highlight mathematical and statistical rigor: hypothesis testing, regression analysis, and evaluation metrics (AUC-ROC, F1, RMSE). | [ACTION REQUIRED] Document verified projects in 001-background/projects/ to provide concrete metric evidence.","Production MLOps / Cloud Deployment (AWS SageMaker / GCP Vertex AI / Docker) | Distributed Computing / Big Data pipelines (PySpark / SQL at scale) | Experimentation platforms (A/B testing, causal inference in production)"
opp-24-amgen-data-scientist-intern,24,Amgen,Data Scientist Intern,Tier 2: Remote & Flexible Opportunities,Remote in USA,Internship / Co-op,20-40 hrs/week (Flexible/Term-dependent),$35 - $65 / hr (Est. Market Rate),65% - 80%,Standard Audit Pool,High Priority Application (Tailor CV via tailored-cv),eligible,wishlist,https://amgen.wd1.myworkdayjobs.com/careers/job/United-States---Remote/Undergrad-Intern---Data-Scientist---Amgen-s-Technology---Medical-Organizations--Summer-2027-_R-255704?utm_source=Simplify&ref=Simplify,004-work-opportunities/eligible/opp-24-amgen-data-scientist-intern.md,"Align core data science competencies: Python (NumPy, pandas, Scikit-Learn), exploratory data analysis, and predictive modeling. | Highlight mathematical and statistical rigor: hypothesis testing, regression analysis, and evaluation metrics (AUC-ROC, F1, RMSE). | [ACTION REQUIRED] Document verified projects in 001-background/projects/ to provide concrete metric evidence.","Production MLOps / Cloud Deployment (AWS SageMaker / GCP Vertex AI / Docker) | Distributed Computing / Big Data pipelines (PySpark / SQL at scale) | Experimentation platforms (A/B testing, causal inference in production)"
opp-25-amgen-grad-intern-data-scientist-technology-ai-data-s,25,Amgen,"Grad Intern – Data Scientist – Technology, AI & Data (Summer 2027)",Tier 2: Remote & Flexible Opportunities,United States - Remote,Internship / Co-op,20-40 hrs/week (Flexible/Term-dependent),$35.34–$41.2/hr,65% - 80%,Standard Audit Pool,High Priority Application (Tailor CV via tailored-cv),eligible,wishlist,https://amgen.wd1.myworkdayjobs.com/careers/job/United-States---Remote/Grad-Intern---Data-Scientist---Amgen-s-Technology---Medical-Organizations--Summer-2027-_R-255722,004-work-opportunities/eligible/opp-25-amgen-grad-intern-data-scientist-technology-ai-data-s.md,"Align core data science competencies: Python (NumPy, pandas, Scikit-Learn), exploratory data analysis, and predictive modeling. | Highlight mathematical and statistical rigor: hypothesis testing, regression analysis, and evaluation metrics (AUC-ROC, F1, RMSE). | [ACTION REQUIRED] Document verified projects in 001-background/projects/ to provide concrete metric evidence.","Production MLOps / Cloud Deployment (AWS SageMaker / GCP Vertex AI / Docker) | Distributed Computing / Big Data pipelines (PySpark / SQL at scale) | Experimentation platforms (A/B testing, causal inference in production)"
opp-26-amgen-undergrad-intern-data-scientist-technology-ai-d,26,Amgen,"Undergrad Intern – Data Scientist – Technology, AI & Data (Summer 2027)",Tier 2: Remote & Flexible Opportunities,United States - Remote,Internship / Co-op,20-40 hrs/week (Flexible/Term-dependent),$28.87/hr,65% - 80%,Standard Audit Pool,High Priority Application (Tailor CV via tailored-cv),eligible,wishlist,https://amgen.wd1.myworkdayjobs.com/careers/job/United-States---Remote/Undergrad-Intern---Data-Scientist---Amgen-s-Technology---Medical-Organizations--Summer-2027-_R-255704,004-work-opportunities/eligible/opp-26-amgen-undergrad-intern-data-scientist-technology-ai-d.md,"Align core data science competencies: Python (NumPy, pandas, Scikit-Learn), exploratory data analysis, and predictive modeling. | Highlight mathematical and statistical rigor: hypothesis testing, regression analysis, and evaluation metrics (AUC-ROC, F1, RMSE). | [ACTION REQUIRED] Document verified projects in 001-background/projects/ to provide concrete metric evidence.","Production MLOps / Cloud Deployment (AWS SageMaker / GCP Vertex AI / Docker) | Distributed Computing / Big Data pipelines (PySpark / SQL at scale) | Experimentation platforms (A/B testing, causal inference in production)"
opp-27-stryker-data-science-intern-remote,27,Stryker,Data Science Intern - Remote,Tier 2: Remote & Flexible Opportunities,Remote,Internship / Co-op,20-40 hrs/week (Flexible/Term-dependent),$35 - $65 / hr (Est. Market Rate),65% - 80%,Standard Audit Pool,High Priority Application (Tailor CV via tailored-cv),eligible,wishlist,https://stryker.wd1.myworkdayjobs.com/en-US/strykercareers/job/Florida-Virtual-Address/Data-Science-Intern_R572731,004-work-opportunities/eligible/opp-27-stryker-data-science-intern-remote.md,"Align core data science competencies: Python (NumPy, pandas, Scikit-Learn), exploratory data analysis, and predictive modeling. | Highlight mathematical and statistical rigor: hypothesis testing, regression analysis, and evaluation metrics (AUC-ROC, F1, RMSE). | [ACTION REQUIRED] Document verified projects in 001-background/projects/ to provide concrete metric evidence.","Production MLOps / Cloud Deployment (AWS SageMaker / GCP Vertex AI / Docker) | Distributed Computing / Big Data pipelines (PySpark / SQL at scale) | Experimentation platforms (A/B testing, causal inference in production)"
opp-28-twg-global-ai-data-science-intern-aiml-center-of-exce,28,TWG Global,AI Data Science Intern - AI/ML Center of Excellence,Tier 2: Remote & Flexible Opportunities,"London, UK, Remote in UK",Internship / Co-op,20-40 hrs/week (Flexible/Term-dependent),$35 - $65 / hr (Est. Market Rate),65% - 80%,Standard Audit Pool,High Priority Application (Tailor CV via tailored-cv),eligible,wishlist,https://apply.workable.com/twgai/j/1206BF981C/apply,004-work-opportunities/eligible/opp-28-twg-global-ai-data-science-intern-aiml-center-of-exce.md,"Align core data science competencies: Python (NumPy, pandas, Scikit-Learn), exploratory data analysis, and predictive modeling. | Highlight mathematical and statistical rigor: hypothesis testing, regression analysis, and evaluation metrics (AUC-ROC, F1, RMSE). | [ACTION REQUIRED] Document verified projects in 001-background/projects/ to provide concrete metric evidence.","Production MLOps / Cloud Deployment (AWS SageMaker / GCP Vertex AI / Docker) | Distributed Computing / Big Data pipelines (PySpark / SQL at scale) | Experimentation platforms (A/B testing, causal inference in production)"
opp-29-stryker-summer-2027-internship-data-science-remote,29,Stryker,Summer 2027 Internship - Data Science - Remote,Tier 2: Remote & Flexible Opportunities,"Florida, Virtual Address",Internship / Co-op,20-40 hrs/week (Flexible/Term-dependent),$35 - $65 / hr (Est. Market Rate),65% - 80%,Standard Audit Pool,High Priority Application (Tailor CV via tailored-cv),eligible,wishlist,https://stryker.wd1.myworkdayjobs.com/StrykerCareers/job/Florida-Virtual-Address/Data-Science-Intern_R572731,004-work-opportunities/eligible/opp-29-stryker-summer-2027-internship-data-science-remote.md,"Align core data science competencies: Python (NumPy, pandas, Scikit-Learn), exploratory data analysis, and predictive modeling. | Highlight mathematical and statistical rigor: hypothesis testing, regression analysis, and evaluation metrics (AUC-ROC, F1, RMSE). | [ACTION REQUIRED] Document verified projects in 001-background/projects/ to provide concrete metric evidence.","Production MLOps / Cloud Deployment (AWS SageMaker / GCP Vertex AI / Docker) | Distributed Computing / Big Data pipelines (PySpark / SQL at scale) | Experimentation platforms (A/B testing, causal inference in production)"
opp-30-chemours-ai-data-science-intern,30,Chemours,AI & Data Science Intern,Tier 2: Remote & Flexible Opportunities,US - Remote,Internship / Co-op,20-40 hrs/week (Flexible/Term-dependent),$35 - $65 / hr (Est. Market Rate),65% - 80%,Standard Audit Pool,High Priority Application (Tailor CV via tailored-cv),eligible,wishlist,https://chemours.wd103.myworkdayjobs.com/Chemours/job/US---Remote/AI---Data-Science-Intern_JR15013,004-work-opportunities/eligible/opp-30-chemours-ai-data-science-intern.md,"Align core data science competencies: Python (NumPy, pandas, Scikit-Learn), exploratory data analysis, and predictive modeling. | Highlight mathematical and statistical rigor: hypothesis testing, regression analysis, and evaluation metrics (AUC-ROC, F1, RMSE). | [ACTION REQUIRED] Document verified projects in 001-background/projects/ to provide concrete metric evidence.","Production MLOps / Cloud Deployment (AWS SageMaker / GCP Vertex AI / Docker) | Distributed Computing / Big Data pipelines (PySpark / SQL at scale) | Experimentation platforms (A/B testing, causal inference in production)"
opp-31-ensemble-health-partners-data-scientist-intern,31,Ensemble Health Partners,Data Scientist Intern,Tier 2: Remote & Flexible Opportunities,Remote in USA,Internship / Co-op,20-40 hrs/week (Flexible/Term-dependent),$35 - $65 / hr (Est. Market Rate),65% - 80%,Standard Audit Pool,High Priority Application (Tailor CV via tailored-cv),eligible,wishlist,https://ensemblehp.wd5.myworkdayjobs.com/ensemblehealthpartnerscareers/job/Remote---Nationwide/Data-Scientist--AI_R048077,004-work-opportunities/eligible/opp-31-ensemble-health-partners-data-scientist-intern.md,"Align core data science competencies: Python (NumPy, pandas, Scikit-Learn), exploratory data analysis, and predictive modeling. | Highlight mathematical and statistical rigor: hypothesis testing, regression analysis, and evaluation metrics (AUC-ROC, F1, RMSE). | [ACTION REQUIRED] Document verified projects in 001-background/projects/ to provide concrete metric evidence.","Production MLOps / Cloud Deployment (AWS SageMaker / GCP Vertex AI / Docker) | Distributed Computing / Big Data pipelines (PySpark / SQL at scale) | Experimentation platforms (A/B testing, causal inference in production)"
opp-32-capital-one-data-scientist-intern,32,Capital One,Data Scientist Intern,Tier 4: Canadian Co-op & International Hubs,"Toronto, ON, Canada",Internship / Co-op,20-40 hrs/week (Flexible/Term-dependent),$35 - $65 / hr (Est. Market Rate),35% - 50%,⚠️ URGENT (Posted < 24-48h),Verify Canadian Work Permit / Bilateral Exchange Eligibility,eligible,wishlist,https://capitalone.wd12.myworkdayjobs.com/Capital_One/job/Toronto-ON/Intern--Data-Scientist---Summer-2027_R1002165-1?utm_source=Simplify&ref=Simplify,004-work-opportunities/eligible/opp-32-capital-one-data-scientist-intern.md,"Align core data science competencies: Python (NumPy, pandas, Scikit-Learn), exploratory data analysis, and predictive modeling. | Highlight mathematical and statistical rigor: hypothesis testing, regression analysis, and evaluation metrics (AUC-ROC, F1, RMSE). | [ACTION REQUIRED] Document verified projects in 001-background/projects/ to provide concrete metric evidence.","Production MLOps / Cloud Deployment (AWS SageMaker / GCP Vertex AI / Docker) | Distributed Computing / Big Data pipelines (PySpark / SQL at scale) | Experimentation platforms (A/B testing, causal inference in production)"
opp-33-capital-one-associate-data-scientist-new-grad-2027-st,33,Capital One,"Associate, Data Scientist - New Grad, 2027 Start",Tier 4: Canadian Co-op & International Hubs,"Toronto, ON, Canada (Hybrid)",Full-Time / New Grad,Full-Time (40 hrs/week),"$90,000 - $135,000 / yr",35% - 50%,High (Posted this week),Verify Canadian Work Permit / Bilateral Exchange Eligibility,eligible,wishlist,https://jobright.ai/jobs/info/6aa43f08c1928370a285d3a5?utm_campaign=Data%20Analysis&utm_source=1103,004-work-opportunities/eligible/opp-33-capital-one-associate-data-scientist-new-grad-2027-st.md,"Align core data science competencies: Python (NumPy, pandas, Scikit-Learn), exploratory data analysis, and predictive modeling. | Highlight mathematical and statistical rigor: hypothesis testing, regression analysis, and evaluation metrics (AUC-ROC, F1, RMSE). | [ACTION REQUIRED] Document verified projects in 001-background/projects/ to provide concrete metric evidence.","Production MLOps / Cloud Deployment (AWS SageMaker / GCP Vertex AI / Docker) | Distributed Computing / Big Data pipelines (PySpark / SQL at scale) | Experimentation platforms (A/B testing, causal inference in production)"
opp-34-jd-irving-limited-data-scientist-student-winter-2027,34,"J.D. Irving, Limited",Data Scientist Student – Winter 2027,Tier 4: Canadian Co-op & International Hubs,"Saint John, NB, Canada (On Site)",Full-Time / New Grad,Full-Time (40 hrs/week),"$90,000 - $135,000 / yr",35% - 50%,High (Posted this week),Verify Canadian Work Permit / Bilateral Exchange Eligibility,eligible,wishlist,https://jobright.ai/jobs/info/6ac02d1c372c01f6cd72b0c0?utm_campaign=Data%20Analysis&utm_source=1103,004-work-opportunities/eligible/opp-34-jd-irving-limited-data-scientist-student-winter-2027.md,"Align core data science competencies: Python (NumPy, pandas, Scikit-Learn), exploratory data analysis, and predictive modeling. | Highlight mathematical and statistical rigor: hypothesis testing, regression analysis, and evaluation metrics (AUC-ROC, F1, RMSE). | [ACTION REQUIRED] Document verified projects in 001-background/projects/ to provide concrete metric evidence.","Production MLOps / Cloud Deployment (AWS SageMaker / GCP Vertex AI / Docker) | Distributed Computing / Big Data pipelines (PySpark / SQL at scale) | Experimentation platforms (A/B testing, causal inference in production)"
opp-35-omnicom-analyst-data-science,35,Omnicom,"Analyst, Data Science",Tier 4: Canadian Co-op & International Hubs,"Toronto, ON, Canada (Hybrid)",Full-Time / New Grad,Full-Time (40 hrs/week),"$90,000 - $135,000 / yr",35% - 50%,High (Posted this week),Verify Canadian Work Permit / Bilateral Exchange Eligibility,eligible,wishlist,https://jobright.ai/jobs/info/6aa3834b4233a2201a2b1b87?utm_campaign=Data%20Analysis&utm_source=1103,004-work-opportunities/eligible/opp-35-omnicom-analyst-data-science.md,"Align core data science competencies: Python (NumPy, pandas, Scikit-Learn), exploratory data analysis, and predictive modeling. | Highlight mathematical and statistical rigor: hypothesis testing, regression analysis, and evaluation metrics (AUC-ROC, F1, RMSE). | [ACTION REQUIRED] Document verified projects in 001-background/projects/ to provide concrete metric evidence.","Production MLOps / Cloud Deployment (AWS SageMaker / GCP Vertex AI / Docker) | Distributed Computing / Big Data pipelines (PySpark / SQL at scale) | Experimentation platforms (A/B testing, causal inference in production)"
opp-36-omnicom-media-analyst-data-science,36,Omnicom Media,"Analyst, Data Science",Tier 4: Canadian Co-op & International Hubs,"Toronto, ON, Canada (Hybrid)",Full-Time / New Grad,Full-Time (40 hrs/week),"$90,000 - $135,000 / yr",35% - 50%,High (Posted this week),Verify Canadian Work Permit / Bilateral Exchange Eligibility,eligible,wishlist,https://jobright.ai/jobs/info/6aa38fc5c5a856ac7e33a13d?utm_campaign=Data%20Analysis&utm_source=1103,004-work-opportunities/eligible/opp-36-omnicom-media-analyst-data-science.md,"Align core data science competencies: Python (NumPy, pandas, Scikit-Learn), exploratory data analysis, and predictive modeling. | Highlight mathematical and statistical rigor: hypothesis testing, regression analysis, and evaluation metrics (AUC-ROC, F1, RMSE). | [ACTION REQUIRED] Document verified projects in 001-background/projects/ to provide concrete metric evidence.","Production MLOps / Cloud Deployment (AWS SageMaker / GCP Vertex AI / Docker) | Distributed Computing / Big Data pipelines (PySpark / SQL at scale) | Experimentation platforms (A/B testing, causal inference in production)"
opp-37-financeit-data-scientist-risk-modeling-analytics,37,Financeit,"Data Scientist, Risk Modeling & Analytics",Tier 4: Canadian Co-op & International Hubs,"Toronto, ON, Canada (Hybrid)",Full-Time / New Grad,Full-Time (40 hrs/week),"$90,000 - $135,000 / yr",35% - 50%,High (Posted this week),Verify Canadian Work Permit / Bilateral Exchange Eligibility,eligible,wishlist,https://jobright.ai/jobs/info/6abeab920e027c0f3b39a15d?utm_campaign=Data%20Analysis&utm_source=1103,004-work-opportunities/eligible/opp-37-financeit-data-scientist-risk-modeling-analytics.md,"Align core data science competencies: Python (NumPy, pandas, Scikit-Learn), exploratory data analysis, and predictive modeling. | Highlight mathematical and statistical rigor: hypothesis testing, regression analysis, and evaluation metrics (AUC-ROC, F1, RMSE). | [ACTION REQUIRED] Document verified projects in 001-background/projects/ to provide concrete metric evidence.","Production MLOps / Cloud Deployment (AWS SageMaker / GCP Vertex AI / Docker) | Distributed Computing / Big Data pipelines (PySpark / SQL at scale) | Experimentation platforms (A/B testing, causal inference in production)"
opp-38-lyft-data-scientist-decisions-mapping,38,Lyft,"Data Scientist, Decisions - Mapping",Tier 4: Canadian Co-op & International Hubs,"Toronto, ON, Canada (Hybrid)",Full-Time / New Grad,Full-Time (40 hrs/week),"$90,000 - $135,000 / yr",35% - 50%,High (Posted this week),Verify Canadian Work Permit / Bilateral Exchange Eligibility,eligible,wishlist,https://jobright.ai/jobs/info/6abc2eb5d6acfd3dd29fca6d?utm_campaign=Data%20Analysis&utm_source=1103,004-work-opportunities/eligible/opp-38-lyft-data-scientist-decisions-mapping.md,"Align core data science competencies: Python (NumPy, pandas, Scikit-Learn), exploratory data analysis, and predictive modeling. | Highlight mathematical and statistical rigor: hypothesis testing, regression analysis, and evaluation metrics (AUC-ROC, F1, RMSE). | [ACTION REQUIRED] Document verified projects in 001-background/projects/ to provide concrete metric evidence.","Production MLOps / Cloud Deployment (AWS SageMaker / GCP Vertex AI / Docker) | Distributed Computing / Big Data pipelines (PySpark / SQL at scale) | Experimentation platforms (A/B testing, causal inference in production)"
opp-39-moment-energy-data-scientist-co-op-winter-2027,39,Moment Energy,Data Scientist Co-op (Winter 2027),Tier 4: Canadian Co-op & International Hubs,"Surrey, BC, Canada",Internship / Co-op,20-40 hrs/week (Flexible/Term-dependent),"$90,000 - $135,000 / yr",35% - 50%,Medium (Active 2-3 weeks),Verify Canadian Work Permit / Bilateral Exchange Eligibility,eligible,wishlist,https://job-boards.greenhouse.io/momentenergy/jobs/4421775009,004-work-opportunities/eligible/opp-39-moment-energy-data-scientist-co-op-winter-2027.md,"Align core data science competencies: Python (NumPy, pandas, Scikit-Learn), exploratory data analysis, and predictive modeling. | Highlight mathematical and statistical rigor: hypothesis testing, regression analysis, and evaluation metrics (AUC-ROC, F1, RMSE). | [ACTION REQUIRED] Document verified projects in 001-background/projects/ to provide concrete metric evidence.","Production MLOps / Cloud Deployment (AWS SageMaker / GCP Vertex AI / Docker) | Distributed Computing / Big Data pipelines (PySpark / SQL at scale) | Experimentation platforms (A/B testing, causal inference in production)"
opp-40-ia-actuarial-science-and-data-science-intern-winter-2,40,ia,Actuarial Science and Data Science Intern (Winter 2027),Tier 4: Canadian Co-op & International Hubs,"Montreal, Quebec",Internship / Co-op,20-40 hrs/week (Flexible/Term-dependent),$35 - $65 / hr (Est. Market Rate),35% - 50%,Medium (Active 2-3 weeks),Verify Canadian Work Permit / Bilateral Exchange Eligibility,eligible,wishlist,https://ia.wd3.myworkdayjobs.com/Professional/job/Quebec-Quebec/Stagiaire-en-actuariat-et-science-des-donnes--Hiver-2027-_JR10027606,004-work-opportunities/eligible/opp-40-ia-actuarial-science-and-data-science-intern-winter-2.md,"Align core data science competencies: Python (NumPy, pandas, Scikit-Learn), exploratory data analysis, and predictive modeling. | Highlight mathematical and statistical rigor: hypothesis testing, regression analysis, and evaluation metrics (AUC-ROC, F1, RMSE). | [ACTION REQUIRED] Document verified projects in 001-background/projects/ to provide concrete metric evidence.","Production MLOps / Cloud Deployment (AWS SageMaker / GCP Vertex AI / Docker) | Distributed Computing / Big Data pipelines (PySpark / SQL at scale) | Experimentation platforms (A/B testing, causal inference in production)"
opp-41-moment-energy-data-scientist-co-op,41,Moment Energy,Data Scientist Co-op,Tier 4: Canadian Co-op & International Hubs,"Surrey, BC, Canada",Internship / Co-op,20-40 hrs/week (Flexible/Term-dependent),"$90,000 - $135,000 / yr",35% - 50%,Medium (Active 2-3 weeks),Verify Canadian Work Permit / Bilateral Exchange Eligibility,eligible,wishlist,https://job-boards.greenhouse.io/momentenergy/jobs/4421775009,004-work-opportunities/eligible/opp-41-moment-energy-data-scientist-co-op.md,"Align core data science competencies: Python (NumPy, pandas, Scikit-Learn), exploratory data analysis, and predictive modeling. | Highlight mathematical and statistical rigor: hypothesis testing, regression analysis, and evaluation metrics (AUC-ROC, F1, RMSE). | [ACTION REQUIRED] Document verified projects in 001-background/projects/ to provide concrete metric evidence.","Production MLOps / Cloud Deployment (AWS SageMaker / GCP Vertex AI / Docker) | Distributed Computing / Big Data pipelines (PySpark / SQL at scale) | Experimentation platforms (A/B testing, causal inference in production)"
opp-42-ia-financial-group-actuarial-science-and-data-science,42,iA Financial Group,Actuarial Science and Data Science Intern - Winter 2027,Tier 4: Canadian Co-op & International Hubs,"Québec, Canada +1",Internship / Co-op,20-40 hrs/week (Flexible/Term-dependent),$35 - $65 / hr (Est. Market Rate),35% - 50%,Medium (Active 2-3 weeks),Verify Canadian Work Permit / Bilateral Exchange Eligibility,eligible,wishlist,https://ia.wd3.myworkdayjobs.com/en-US/professional/job/Quebec-Quebec/Stagiaire-en-actuariat-et-science-des-donnes--Hiver-2027-_JR10027606,004-work-opportunities/eligible/opp-42-ia-financial-group-actuarial-science-and-data-science.md,"Align core data science competencies: Python (NumPy, pandas, Scikit-Learn), exploratory data analysis, and predictive modeling. | Highlight mathematical and statistical rigor: hypothesis testing, regression analysis, and evaluation metrics (AUC-ROC, F1, RMSE). | [ACTION REQUIRED] Document verified projects in 001-background/projects/ to provide concrete metric evidence.","Production MLOps / Cloud Deployment (AWS SageMaker / GCP Vertex AI / Docker) | Distributed Computing / Big Data pipelines (PySpark / SQL at scale) | Experimentation platforms (A/B testing, causal inference in production)"
opp-43-cenovus-energy-information-technology-student-data-sc,43,Cenovus Energy,Information Technology Student - Data Science and Software,Tier 4: Canadian Co-op & International Hubs,"Calgary, AB, Canada",Full-Time / New Grad,Full-Time (40 hrs/week),"$90,000 - $135,000 / yr",35% - 50%,Medium (Active 2-3 weeks),Verify Canadian Work Permit / Bilateral Exchange Eligibility,eligible,wishlist,https://cenovus.wd3.myworkdayjobs.com/careers/job/CA-AB-Calgary/Student--IT--Data-Science-and-Software--Calgary--May-2027-_R-411145,004-work-opportunities/eligible/opp-43-cenovus-energy-information-technology-student-data-sc.md,"Align core data science competencies: Python (NumPy, pandas, Scikit-Learn), exploratory data analysis, and predictive modeling. | Highlight mathematical and statistical rigor: hypothesis testing, regression analysis, and evaluation metrics (AUC-ROC, F1, RMSE). | [ACTION REQUIRED] Document verified projects in 001-background/projects/ to provide concrete metric evidence.","Production MLOps / Cloud Deployment (AWS SageMaker / GCP Vertex AI / Docker) | Distributed Computing / Big Data pipelines (PySpark / SQL at scale) | Experimentation platforms (A/B testing, causal inference in production)"
opp-44-rodan-energy-solutions-data-science-co-op,44,Rodan Energy Solutions,Data Science Co-op,Tier 4: Canadian Co-op & International Hubs,"Mississauga, ON, Canada",Internship / Co-op,20-40 hrs/week (Flexible/Term-dependent),"$90,000 - $135,000 / yr",35% - 50%,Medium (Active 2-3 weeks),Verify Canadian Work Permit / Bilateral Exchange Eligibility,eligible,wishlist,https://rodanenergysolutionsinc.applytojob.com/apply/Bn4sqYBZPe/Data-Science-Coop-Student-Winter-2027,004-work-opportunities/eligible/opp-44-rodan-energy-solutions-data-science-co-op.md,"Align core data science competencies: Python (NumPy, pandas, Scikit-Learn), exploratory data analysis, and predictive modeling. | Highlight mathematical and statistical rigor: hypothesis testing, regression analysis, and evaluation metrics (AUC-ROC, F1, RMSE). | [ACTION REQUIRED] Document verified projects in 001-background/projects/ to provide concrete metric evidence.","Production MLOps / Cloud Deployment (AWS SageMaker / GCP Vertex AI / Docker) | Distributed Computing / Big Data pipelines (PySpark / SQL at scale) | Experimentation platforms (A/B testing, causal inference in production)"
opp-45-eq-bank-intern-data-scientist-winter-2027,45,EQ Bank,Intern - Data Scientist - Winter 2027,Tier 4: Canadian Co-op & International Hubs,"Toronto, Canada",Internship / Co-op,20-40 hrs/week (Flexible/Term-dependent),$35 - $65 / hr (Est. Market Rate),35% - 50%,Medium (Active 2-3 weeks),Verify Canadian Work Permit / Bilateral Exchange Eligibility,eligible,wishlist,https://jobs.lever.co/eqbank/b152bad3-df48-4049-9d44-ba7e57ea6499,004-work-opportunities/eligible/opp-45-eq-bank-intern-data-scientist-winter-2027.md,"Align core data science competencies: Python (NumPy, pandas, Scikit-Learn), exploratory data analysis, and predictive modeling. | Highlight mathematical and statistical rigor: hypothesis testing, regression analysis, and evaluation metrics (AUC-ROC, F1, RMSE). | [ACTION REQUIRED] Document verified projects in 001-background/projects/ to provide concrete metric evidence.","Production MLOps / Cloud Deployment (AWS SageMaker / GCP Vertex AI / Docker) | Distributed Computing / Big Data pipelines (PySpark / SQL at scale) | Experimentation platforms (A/B testing, causal inference in production)"
opp-46-equitable-bank-data-scientist-intern-winter-2027,46,Equitable Bank,Data Scientist Intern - Winter 2027,Tier 4: Canadian Co-op & International Hubs,"Toronto, ON, Canada",Internship / Co-op,20-40 hrs/week (Flexible/Term-dependent),$35 - $65 / hr (Est. Market Rate),35% - 50%,Medium (Active 2-3 weeks),Verify Canadian Work Permit / Bilateral Exchange Eligibility,eligible,wishlist,https://jobs.lever.co/eqbank/b152bad3-df48-4049-9d44-ba7e57ea6499/apply,004-work-opportunities/eligible/opp-46-equitable-bank-data-scientist-intern-winter-2027.md,"Align core data science competencies: Python (NumPy, pandas, Scikit-Learn), exploratory data analysis, and predictive modeling. | Highlight mathematical and statistical rigor: hypothesis testing, regression analysis, and evaluation metrics (AUC-ROC, F1, RMSE). | [ACTION REQUIRED] Document verified projects in 001-background/projects/ to provide concrete metric evidence.","Production MLOps / Cloud Deployment (AWS SageMaker / GCP Vertex AI / Docker) | Distributed Computing / Big Data pipelines (PySpark / SQL at scale) | Experimentation platforms (A/B testing, causal inference in production)"
opp-47--data-scientist-intern,47,↳,Data Scientist Intern,Tier 4: Canadian Co-op & International Hubs,"Toronto, ON, Canada",Internship / Co-op,20-40 hrs/week (Flexible/Term-dependent),$35 - $65 / hr (Est. Market Rate),35% - 50%,Medium (Active 2-3 weeks),Verify Canadian Work Permit / Bilateral Exchange Eligibility,eligible,wishlist,https://jobs.lever.co/eqbank/b152bad3-df48-4049-9d44-ba7e57ea6499,004-work-opportunities/eligible/opp-47--data-scientist-intern.md,"Align core data science competencies: Python (NumPy, pandas, Scikit-Learn), exploratory data analysis, and predictive modeling. | Highlight mathematical and statistical rigor: hypothesis testing, regression analysis, and evaluation metrics (AUC-ROC, F1, RMSE). | [ACTION REQUIRED] Document verified projects in 001-background/projects/ to provide concrete metric evidence.","Production MLOps / Cloud Deployment (AWS SageMaker / GCP Vertex AI / Docker) | Distributed Computing / Big Data pipelines (PySpark / SQL at scale) | Experimentation platforms (A/B testing, causal inference in production)"
opp-48-lyft-data-science-intern-algorithms-summer-2027-toron,48,Lyft,Data Science Intern - Algorithms - Summer 2027 - Toronto,Tier 4: Canadian Co-op & International Hubs,"Toronto, Canada",Internship / Co-op,20-40 hrs/week (Flexible/Term-dependent),$35 - $65 / hr (Est. Market Rate),35% - 50%,Standard Audit Pool,Verify Canadian Work Permit / Bilateral Exchange Eligibility,eligible,wishlist,https://app.careerpuck.com/job-board/lyft/job/8767697002?gh_jid=8767697002,004-work-opportunities/eligible/opp-48-lyft-data-science-intern-algorithms-summer-2027-toron.md,"Align core data science competencies: Python (NumPy, pandas, Scikit-Learn), exploratory data analysis, and predictive modeling. | Highlight mathematical and statistical rigor: hypothesis testing, regression analysis, and evaluation metrics (AUC-ROC, F1, RMSE). | [ACTION REQUIRED] Document verified projects in 001-background/projects/ to provide concrete metric evidence.","Production MLOps / Cloud Deployment (AWS SageMaker / GCP Vertex AI / Docker) | Distributed Computing / Big Data pipelines (PySpark / SQL at scale) | Experimentation platforms (A/B testing, causal inference in production)"
opp-49-nokia-data-scientist-co-opintern,49,Nokia,Data Scientist Co-op/Intern,Tier 4: Canadian Co-op & International Hubs,"Ottawa, ON, Canada",Internship / Co-op,20-40 hrs/week (Flexible/Term-dependent),$35 - $65 / hr (Est. Market Rate),35% - 50%,Standard Audit Pool,Verify Canadian Work Permit / Bilateral Exchange Eligibility,eligible,wishlist,https://fa-evmr-saasfaprod1.fa.ocs.oraclecloud.com/hcmUI/CandidateExperience/en/sites/CX_1/job/39965,004-work-opportunities/eligible/opp-49-nokia-data-scientist-co-opintern.md,"Align core data science competencies: Python (NumPy, pandas, Scikit-Learn), exploratory data analysis, and predictive modeling. | Highlight mathematical and statistical rigor: hypothesis testing, regression analysis, and evaluation metrics (AUC-ROC, F1, RMSE). | [ACTION REQUIRED] Document verified projects in 001-background/projects/ to provide concrete metric evidence.","Production MLOps / Cloud Deployment (AWS SageMaker / GCP Vertex AI / Docker) | Distributed Computing / Big Data pipelines (PySpark / SQL at scale) | Experimentation platforms (A/B testing, causal inference in production)"
opp-50-cozey-data-science-intern,50,Cozey,Data Science Intern,Tier 4: Canadian Co-op & International Hubs,"Mount-Royal, QC, Canada",Internship / Co-op,20-40 hrs/week (Flexible/Term-dependent),$35 - $65 / hr (Est. Market Rate),35% - 50%,Standard Audit Pool,Verify Canadian Work Permit / Bilateral Exchange Eligibility,eligible,wishlist,https://ats.rippling.com/cozey-internships/jobs/1e50d436-06c1-447c-b676-5e487b19433c,004-work-opportunities/eligible/opp-50-cozey-data-science-intern.md,"Align core data science competencies: Python (NumPy, pandas, Scikit-Learn), exploratory data analysis, and predictive modeling. | Highlight mathematical and statistical rigor: hypothesis testing, regression analysis, and evaluation metrics (AUC-ROC, F1, RMSE). | [ACTION REQUIRED] Document verified projects in 001-background/projects/ to provide concrete metric evidence.","Production MLOps / Cloud Deployment (AWS SageMaker / GCP Vertex AI / Docker) | Distributed Computing / Big Data pipelines (PySpark / SQL at scale) | Experimentation platforms (A/B testing, causal inference in production)"
opp-51--data-scientist-co-opintern,51,↳,Data Scientist Co-op/Intern,Tier 4: Canadian Co-op & International Hubs,"Ottawa, ON, Canada",Internship / Co-op,20-40 hrs/week (Flexible/Term-dependent),$35 - $65 / hr (Est. Market Rate),35% - 50%,Standard Audit Pool,Verify Canadian Work Permit / Bilateral Exchange Eligibility,eligible,wishlist,https://fa-evmr-saasfaprod1.fa.ocs.oraclecloud.com/hcmUI/CandidateExperience/en/sites/CX_1/job/39965,004-work-opportunities/eligible/opp-51--data-scientist-co-opintern.md,"Align core data science competencies: Python (NumPy, pandas, Scikit-Learn), exploratory data analysis, and predictive modeling. | Highlight mathematical and statistical rigor: hypothesis testing, regression analysis, and evaluation metrics (AUC-ROC, F1, RMSE). | [ACTION REQUIRED] Document verified projects in 001-background/projects/ to provide concrete metric evidence.","Production MLOps / Cloud Deployment (AWS SageMaker / GCP Vertex AI / Docker) | Distributed Computing / Big Data pipelines (PySpark / SQL at scale) | Experimentation platforms (A/B testing, causal inference in production)"
opp-52--data-science-intern-algorithms,52,↳,"Data Science Intern, Algorithms",Tier 4: Canadian Co-op & International Hubs,"Toronto, ON, Canada",Internship / Co-op,20-40 hrs/week (Flexible/Term-dependent),$35 - $65 / hr (Est. Market Rate),35% - 50%,Standard Audit Pool,Verify Canadian Work Permit / Bilateral Exchange Eligibility,eligible,wishlist,https://app.careerpuck.com/job-board/lyft/job/8767697002?gh_jid=8767697002,004-work-opportunities/eligible/opp-52--data-science-intern-algorithms.md,"Align core data science competencies: Python (NumPy, pandas, Scikit-Learn), exploratory data analysis, and predictive modeling. | Highlight mathematical and statistical rigor: hypothesis testing, regression analysis, and evaluation metrics (AUC-ROC, F1, RMSE). | [ACTION REQUIRED] Document verified projects in 001-background/projects/ to provide concrete metric evidence.","Production MLOps / Cloud Deployment (AWS SageMaker / GCP Vertex AI / Docker) | Distributed Computing / Big Data pipelines (PySpark / SQL at scale) | Experimentation platforms (A/B testing, causal inference in production)"
opp-53-capital-one-data-scientist-new-grad,53,Capital One,Data Scientist New Grad,Tier 4: Canadian Co-op & International Hubs,"Toronto, ON, Canada",Full-Time / New Grad,Full-Time (40 hrs/week),"$90,000 - $135,000 / yr",35% - 50%,Standard Audit Pool,Verify Canadian Work Permit / Bilateral Exchange Eligibility,eligible,wishlist,https://capitalone.wd12.myworkdayjobs.com/Capital_One/job/Toronto-ON/Associate--Data-Scientist---New-Grad--2027-Start_R999616-1?utm_source=Simplify&ref=Simplify,004-work-opportunities/eligible/opp-53-capital-one-data-scientist-new-grad.md,"Align core data science competencies: Python (NumPy, pandas, Scikit-Learn), exploratory data analysis, and predictive modeling. | Highlight mathematical and statistical rigor: hypothesis testing, regression analysis, and evaluation metrics (AUC-ROC, F1, RMSE). | [ACTION REQUIRED] Document verified projects in 001-background/projects/ to provide concrete metric evidence.","Production MLOps / Cloud Deployment (AWS SageMaker / GCP Vertex AI / Docker) | Distributed Computing / Big Data pipelines (PySpark / SQL at scale) | Experimentation platforms (A/B testing, causal inference in production)"
opp-54-rodan-energy-solutions-data-science-co-op-student-win,54,Rodan Energy Solutions,Data Science - Co-op Student - Winter 2027,Tier 4: Canadian Co-op & International Hubs,"Mississauga, Canada",Internship / Co-op,20-40 hrs/week (Flexible/Term-dependent),"$90,000 - $135,000 / yr",35% - 50%,Standard Audit Pool,Verify Canadian Work Permit / Bilateral Exchange Eligibility,eligible,wishlist,https://rodanenergysolutionsinc.applytojob.com/apply/Bn4sqYBZPe/Data-Science-Coop-Student-Winter-2027,004-work-opportunities/eligible/opp-54-rodan-energy-solutions-data-science-co-op-student-win.md,"Align core data science competencies: Python (NumPy, pandas, Scikit-Learn), exploratory data analysis, and predictive modeling. | Highlight mathematical and statistical rigor: hypothesis testing, regression analysis, and evaluation metrics (AUC-ROC, F1, RMSE). | [ACTION REQUIRED] Document verified projects in 001-background/projects/ to provide concrete metric evidence.","Production MLOps / Cloud Deployment (AWS SageMaker / GCP Vertex AI / Docker) | Distributed Computing / Big Data pipelines (PySpark / SQL at scale) | Experimentation platforms (A/B testing, causal inference in production)"
opp-55-hudson-river-trading-data-scientist-intern,55,Hudson River Trading,Data Scientist Intern,Tier 3: Elite Target Hubs (Visa Sponsorship Track),"London, UK NYC",Internship / Co-op,20-40 hrs/week (Flexible/Term-dependent),$35 - $65 / hr (Est. Market Rate),25% - 45%,⚠️ URGENT (Posted < 24-48h),Targeted Application + Direct Networking Outreach,eligible,wishlist,https://www.hudsonrivertrading.com/careers/job/?gh_jid=8257369&utm_source=Simplify&ref=Simplify,004-work-opportunities/eligible/opp-55-hudson-river-trading-data-scientist-intern.md,"Align core data science competencies: Python (NumPy, pandas, Scikit-Learn), exploratory data analysis, and predictive modeling. | Highlight mathematical and statistical rigor: hypothesis testing, regression analysis, and evaluation metrics (AUC-ROC, F1, RMSE). | [ACTION REQUIRED] Document verified projects in 001-background/projects/ to provide concrete metric evidence.","Production MLOps / Cloud Deployment (AWS SageMaker / GCP Vertex AI / Docker) | Distributed Computing / Big Data pipelines (PySpark / SQL at scale) | Experimentation platforms (A/B testing, causal inference in production)"
opp-56-keysight-technologies-data-scientist-intern,56,Keysight Technologies,Data Scientist Intern,Tier 3: Elite Target Hubs (Visa Sponsorship Track),"Santa Rosa, CA",Internship / Co-op,20-40 hrs/week (Flexible/Term-dependent),$35 - $65 / hr (Est. Market Rate),15% - 30%,⚠️ URGENT (Posted < 24-48h),Verify Visa Sponsorship Policy Before Applying,eligible,wishlist,https://jobs.keysight.com/jobs/54570?icims=1,004-work-opportunities/eligible/opp-56-keysight-technologies-data-scientist-intern.md,"Align core data science competencies: Python (NumPy, pandas, Scikit-Learn), exploratory data analysis, and predictive modeling. | Highlight mathematical and statistical rigor: hypothesis testing, regression analysis, and evaluation metrics (AUC-ROC, F1, RMSE). | [ACTION REQUIRED] Document verified projects in 001-background/projects/ to provide concrete metric evidence.","Production MLOps / Cloud Deployment (AWS SageMaker / GCP Vertex AI / Docker) | Distributed Computing / Big Data pipelines (PySpark / SQL at scale) | Experimentation platforms (A/B testing, causal inference in production)"
opp-57-citadel-sector-data-scientist-central-team,57,Citadel,"Sector Data Scientist, Central Team",Tier 3: Elite Target Hubs (Visa Sponsorship Track),New York (On Site),Full-Time / New Grad,Full-Time (40 hrs/week),"$90,000 - $135,000 / yr",25% - 45%,High (Posted this week),Targeted Application + Direct Networking Outreach,eligible,wishlist,https://jobright.ai/jobs/info/6ac1294a8ff3fb9b3bc7d276?utm_campaign=Data%20Analysis&utm_source=1103,004-work-opportunities/eligible/opp-57-citadel-sector-data-scientist-central-team.md,"Align core data science competencies: Python (NumPy, pandas, Scikit-Learn), exploratory data analysis, and predictive modeling. | Highlight mathematical and statistical rigor: hypothesis testing, regression analysis, and evaluation metrics (AUC-ROC, F1, RMSE). | [ACTION REQUIRED] Document verified projects in 001-background/projects/ to provide concrete metric evidence.","Production MLOps / Cloud Deployment (AWS SageMaker / GCP Vertex AI / Docker) | Distributed Computing / Big Data pipelines (PySpark / SQL at scale) | Experimentation platforms (A/B testing, causal inference in production)"
opp-58-microsoft-data-science-ai-experiences-phd-internship-,58,Microsoft,Data Science: AI Experiences PhD Internship Opportunities - Redmond,Tier 3: Elite Target Hubs (Visa Sponsorship Track),"Washington, DC",Internship / Co-op,20-40 hrs/week (Flexible/Term-dependent),$52/hr,5% - 15%,High (Posted this week),Deprioritize (PhD Requirement Gate),non-eligible,wishlist,https://apply.careers.microsoft.com/careers/job/1970393556986137,,"Align core data science competencies: Python (NumPy, pandas, Scikit-Learn), exploratory data analysis, and predictive modeling. | Highlight mathematical and statistical rigor: hypothesis testing, regression analysis, and evaluation metrics (AUC-ROC, F1, RMSE). | [ACTION REQUIRED] Document verified projects in 001-background/projects/ to provide concrete metric evidence.","Production MLOps / Cloud Deployment (AWS SageMaker / GCP Vertex AI / Docker) | Distributed Computing / Big Data pipelines (PySpark / SQL at scale) | Experimentation platforms (A/B testing, causal inference in production)"
opp-59-google-data-scientist-product-ms-intern-2027,59,Google,Data Scientist Product MS Intern - 2027,Tier 3: Elite Target Hubs (Visa Sponsorship Track),"Zürich, Switzerland",Internship / Co-op,20-40 hrs/week (Flexible/Term-dependent),$35 - $65 / hr (Est. Market Rate),25% - 45%,High (Posted this week),Targeted Application + Direct Networking Outreach,eligible,wishlist,https://www.google.com/about/careers/applications/jobs/results/84561862556820166,004-work-opportunities/eligible/opp-59-google-data-scientist-product-ms-intern-2027.md,"Align core data science competencies: Python (NumPy, pandas, Scikit-Learn), exploratory data analysis, and predictive modeling. | Highlight mathematical and statistical rigor: hypothesis testing, regression analysis, and evaluation metrics (AUC-ROC, F1, RMSE). | [ACTION REQUIRED] Document verified projects in 001-background/projects/ to provide concrete metric evidence.","Production MLOps / Cloud Deployment (AWS SageMaker / GCP Vertex AI / Docker) | Distributed Computing / Big Data pipelines (PySpark / SQL at scale) | Experimentation platforms (A/B testing, causal inference in production)"
opp-60-pinterest-masters-data-science-internship-2027-usa,60,Pinterest,Master's Data Science Internship 2027 - USA,Tier 3: Elite Target Hubs (Visa Sponsorship Track),"San Francisco, CA +3",Internship / Co-op,20-40 hrs/week (Flexible/Term-dependent),$52/hr,25% - 45%,High (Posted this week),Targeted Application + Direct Networking Outreach,eligible,wishlist,https://www.pinterestcareers.com/jobs/?gh_jid=8138097,004-work-opportunities/eligible/opp-60-pinterest-masters-data-science-internship-2027-usa.md,"Align core data science competencies: Python (NumPy, pandas, Scikit-Learn), exploratory data analysis, and predictive modeling. | Highlight mathematical and statistical rigor: hypothesis testing, regression analysis, and evaluation metrics (AUC-ROC, F1, RMSE). | [ACTION REQUIRED] Document verified projects in 001-background/projects/ to provide concrete metric evidence.","Production MLOps / Cloud Deployment (AWS SageMaker / GCP Vertex AI / Docker) | Distributed Computing / Big Data pipelines (PySpark / SQL at scale) | Experimentation platforms (A/B testing, causal inference in production)"
opp-61-pinterest-phd-data-science-internship-2027-usa,61,Pinterest,PhD Data Science Internship 2027 - USA,Tier 3: Elite Target Hubs (Visa Sponsorship Track),"San Francisco, CA +3",Internship / Co-op,20-40 hrs/week (Flexible/Term-dependent),$52/hr,5% - 15%,High (Posted this week),Deprioritize (PhD Requirement Gate),non-eligible,wishlist,https://www.pinterestcareers.com/jobs/?gh_jid=8140169,,"Align core data science competencies: Python (NumPy, pandas, Scikit-Learn), exploratory data analysis, and predictive modeling. | Highlight mathematical and statistical rigor: hypothesis testing, regression analysis, and evaluation metrics (AUC-ROC, F1, RMSE). | [ACTION REQUIRED] Document verified projects in 001-background/projects/ to provide concrete metric evidence.","Production MLOps / Cloud Deployment (AWS SageMaker / GCP Vertex AI / Docker) | Distributed Computing / Big Data pipelines (PySpark / SQL at scale) | Experimentation platforms (A/B testing, causal inference in production)"
opp-62-pinterest-data-science-intern,62,Pinterest,Data Science Intern,Tier 3: Elite Target Hubs (Visa Sponsorship Track),"4 locations Palo Alto, CA Seattle, WA SF NYC",Internship / Co-op,20-40 hrs/week (Flexible/Term-dependent),$35 - $65 / hr (Est. Market Rate),25% - 45%,High (Posted this week),Targeted Application + Direct Networking Outreach,eligible,wishlist,https://www.pinterestcareers.com/jobs/?gh_jid=8138097&utm_source=Simplify&ref=Simplify,004-work-opportunities/eligible/opp-62-pinterest-data-science-intern.md,"Align core data science competencies: Python (NumPy, pandas, Scikit-Learn), exploratory data analysis, and predictive modeling. | Highlight mathematical and statistical rigor: hypothesis testing, regression analysis, and evaluation metrics (AUC-ROC, F1, RMSE). | [ACTION REQUIRED] Document verified projects in 001-background/projects/ to provide concrete metric evidence.","Production MLOps / Cloud Deployment (AWS SageMaker / GCP Vertex AI / Docker) | Distributed Computing / Big Data pipelines (PySpark / SQL at scale) | Experimentation platforms (A/B testing, causal inference in production)"
opp-63-pinterest-masters-data-science-internship-2027-usa,63,Pinterest,Master's Data Science Internship 2027 (USA),Tier 3: Elite Target Hubs (Visa Sponsorship Track),"San Francisco, CA, US; Palo Alto, CA, US; Seattle, WA, US; New York, NY, US",Internship / Co-op,20-40 hrs/week (Flexible/Term-dependent),$35 - $65 / hr (Est. Market Rate),25% - 45%,High (Posted this week),Targeted Application + Direct Networking Outreach,eligible,wishlist,https://www.pinterestcareers.com/jobs/?gh_jid=8138097,004-work-opportunities/eligible/opp-63-pinterest-masters-data-science-internship-2027-usa.md,"Align core data science competencies: Python (NumPy, pandas, Scikit-Learn), exploratory data analysis, and predictive modeling. | Highlight mathematical and statistical rigor: hypothesis testing, regression analysis, and evaluation metrics (AUC-ROC, F1, RMSE). | [ACTION REQUIRED] Document verified projects in 001-background/projects/ to provide concrete metric evidence.","Production MLOps / Cloud Deployment (AWS SageMaker / GCP Vertex AI / Docker) | Distributed Computing / Big Data pipelines (PySpark / SQL at scale) | Experimentation platforms (A/B testing, causal inference in production)"
opp-64-pinterest-data-science-intern,64,Pinterest,Data Science Intern 🎓,Tier 3: Elite Target Hubs (Visa Sponsorship Track),"4 locationsPalo Alto, CA Seattle, WA SF NYC",Internship / Co-op,20-40 hrs/week (Flexible/Term-dependent),$35 - $65 / hr (Est. Market Rate),25% - 45%,High (Posted this week),Targeted Application + Direct Networking Outreach,eligible,wishlist,https://www.pinterestcareers.com/jobs/?gh_jid=8138097&utm_source=Simplify&ref=Simplify,004-work-opportunities/eligible/opp-64-pinterest-data-science-intern.md,"Align core data science competencies: Python (NumPy, pandas, Scikit-Learn), exploratory data analysis, and predictive modeling. | Highlight mathematical and statistical rigor: hypothesis testing, regression analysis, and evaluation metrics (AUC-ROC, F1, RMSE). | [ACTION REQUIRED] Document verified projects in 001-background/projects/ to provide concrete metric evidence.","Production MLOps / Cloud Deployment (AWS SageMaker / GCP Vertex AI / Docker) | Distributed Computing / Big Data pipelines (PySpark / SQL at scale) | Experimentation platforms (A/B testing, causal inference in production)"
opp-65-microsoft-data-science-intern,65,Microsoft,Data Science INTERN,Tier 3: Elite Target Hubs (Visa Sponsorship Track),India,Internship / Co-op,20-40 hrs/week (Flexible/Term-dependent),$35 - $65 / hr (Est. Market Rate),25% - 45%,Medium (Active 2-3 weeks),Targeted Application + Direct Networking Outreach,eligible,wishlist,https://apply.careers.microsoft.com/careers/job/1970393556917520,004-work-opportunities/eligible/opp-65-microsoft-data-science-intern.md,"Align core data science competencies: Python (NumPy, pandas, Scikit-Learn), exploratory data analysis, and predictive modeling. | Highlight mathematical and statistical rigor: hypothesis testing, regression analysis, and evaluation metrics (AUC-ROC, F1, RMSE). | [ACTION REQUIRED] Document verified projects in 001-background/projects/ to provide concrete metric evidence.","Production MLOps / Cloud Deployment (AWS SageMaker / GCP Vertex AI / Docker) | Distributed Computing / Big Data pipelines (PySpark / SQL at scale) | Experimentation platforms (A/B testing, causal inference in production)"
opp-66-hudson-river-trading-data-scientist-intern-2027,66,Hudson River Trading,Data Scientist Intern - 2027,Tier 3: Elite Target Hubs (Visa Sponsorship Track),"New York City, NY",Internship / Co-op,20-40 hrs/week (Flexible/Term-dependent),$145/hr,25% - 45%,Medium (Active 2-3 weeks),Targeted Application + Direct Networking Outreach,eligible,wishlist,https://www.hudsonrivertrading.com/careers/job/?gh_jid=8222414,004-work-opportunities/eligible/opp-66-hudson-river-trading-data-scientist-intern-2027.md,"Align core data science competencies: Python (NumPy, pandas, Scikit-Learn), exploratory data analysis, and predictive modeling. | Highlight mathematical and statistical rigor: hypothesis testing, regression analysis, and evaluation metrics (AUC-ROC, F1, RMSE). | [ACTION REQUIRED] Document verified projects in 001-background/projects/ to provide concrete metric evidence.","Production MLOps / Cloud Deployment (AWS SageMaker / GCP Vertex AI / Docker) | Distributed Computing / Big Data pipelines (PySpark / SQL at scale) | Experimentation platforms (A/B testing, causal inference in production)"
opp-67-waymo-data-science-intern-phd,67,Waymo,Data Science Intern - PhD,Tier 3: Elite Target Hubs (Visa Sponsorship Track),"SF Mountain View, CA",Internship / Co-op,20-40 hrs/week (Flexible/Term-dependent),$35 - $65 / hr (Est. Market Rate),5% - 15%,Medium (Active 2-3 weeks),Deprioritize (PhD Requirement Gate),non-eligible,wishlist,https://careers.withwaymo.com/jobs?gh_jid=8221956&utm_source=Simplify&ref=Simplify,,"Align core data science competencies: Python (NumPy, pandas, Scikit-Learn), exploratory data analysis, and predictive modeling. | Highlight mathematical and statistical rigor: hypothesis testing, regression analysis, and evaluation metrics (AUC-ROC, F1, RMSE). | [ACTION REQUIRED] Document verified projects in 001-background/projects/ to provide concrete metric evidence.","Production MLOps / Cloud Deployment (AWS SageMaker / GCP Vertex AI / Docker) | Distributed Computing / Big Data pipelines (PySpark / SQL at scale) | Experimentation platforms (A/B testing, causal inference in production)"
opp-68-figma-phd-intern-data-science-2027,68,Figma,PhD Intern - Data Science - 2027,Tier 3: Elite Target Hubs (Visa Sponsorship Track),"San Francisco, CA +1",Internship / Co-op,20-40 hrs/week (Flexible/Term-dependent),$60/hr,5% - 15%,Medium (Active 2-3 weeks),Deprioritize (PhD Requirement Gate),non-eligible,wishlist,https://boards.greenhouse.io/figma/jobs/6200626004?gh_jid=6200626004,,"Align core data science competencies: Python (NumPy, pandas, Scikit-Learn), exploratory data analysis, and predictive modeling. | Highlight mathematical and statistical rigor: hypothesis testing, regression analysis, and evaluation metrics (AUC-ROC, F1, RMSE). | [ACTION REQUIRED] Document verified projects in 001-background/projects/ to provide concrete metric evidence.","Production MLOps / Cloud Deployment (AWS SageMaker / GCP Vertex AI / Docker) | Distributed Computing / Big Data pipelines (PySpark / SQL at scale) | Experimentation platforms (A/B testing, causal inference in production)"
opp-69-figma-data-science-intern,69,Figma,Data Science Intern,Tier 3: Elite Target Hubs (Visa Sponsorship Track),SF NYC,Internship / Co-op,20-40 hrs/week (Flexible/Term-dependent),$35 - $65 / hr (Est. Market Rate),25% - 45%,Medium (Active 2-3 weeks),Targeted Application + Direct Networking Outreach,eligible,wishlist,https://boards.greenhouse.io/figma/jobs/6200626004?utm_source=Simplify&ref=Simplify,004-work-opportunities/eligible/opp-69-figma-data-science-intern.md,"Align core data science competencies: Python (NumPy, pandas, Scikit-Learn), exploratory data analysis, and predictive modeling. | Highlight mathematical and statistical rigor: hypothesis testing, regression analysis, and evaluation metrics (AUC-ROC, F1, RMSE). | [ACTION REQUIRED] Document verified projects in 001-background/projects/ to provide concrete metric evidence.","Production MLOps / Cloud Deployment (AWS SageMaker / GCP Vertex AI / Docker) | Distributed Computing / Big Data pipelines (PySpark / SQL at scale) | Experimentation platforms (A/B testing, causal inference in production)"
opp-70-waymo-product-data-science-intern,70,Waymo,Product Data Science Intern,Tier 3: Elite Target Hubs (Visa Sponsorship Track),SF,Internship / Co-op,20-40 hrs/week (Flexible/Term-dependent),$35 - $65 / hr (Est. Market Rate),25% - 45%,Medium (Active 2-3 weeks),Targeted Application + Direct Networking Outreach,eligible,wishlist,https://careers.withwaymo.com/jobs?gh_jid=8199365&utm_source=Simplify&ref=Simplify,004-work-opportunities/eligible/opp-70-waymo-product-data-science-intern.md,"Align core data science competencies: Python (NumPy, pandas, Scikit-Learn), exploratory data analysis, and predictive modeling. | Highlight mathematical and statistical rigor: hypothesis testing, regression analysis, and evaluation metrics (AUC-ROC, F1, RMSE). | [ACTION REQUIRED] Document verified projects in 001-background/projects/ to provide concrete metric evidence.","Production MLOps / Cloud Deployment (AWS SageMaker / GCP Vertex AI / Docker) | Distributed Computing / Big Data pipelines (PySpark / SQL at scale) | Experimentation platforms (A/B testing, causal inference in production)"
opp-71-microsoft-data-science-phd-internship-opportunities-r,71,Microsoft,Data Science: PhD Internship Opportunities - Redmond,Tier 3: Elite Target Hubs (Visa Sponsorship Track),"Washington, DC",Internship / Co-op,20-40 hrs/week (Flexible/Term-dependent),$52/hr,5% - 15%,Medium (Active 2-3 weeks),Deprioritize (PhD Requirement Gate),non-eligible,wishlist,https://apply.careers.microsoft.com/careers/job/1970393556982928,,"Align core data science competencies: Python (NumPy, pandas, Scikit-Learn), exploratory data analysis, and predictive modeling. | Highlight mathematical and statistical rigor: hypothesis testing, regression analysis, and evaluation metrics (AUC-ROC, F1, RMSE). | [ACTION REQUIRED] Document verified projects in 001-background/projects/ to provide concrete metric evidence.","Production MLOps / Cloud Deployment (AWS SageMaker / GCP Vertex AI / Docker) | Distributed Computing / Big Data pipelines (PySpark / SQL at scale) | Experimentation platforms (A/B testing, causal inference in production)"
opp-72-figma-data-science-intern-2027,72,Figma,Data Science Intern - 2027,Tier 3: Elite Target Hubs (Visa Sponsorship Track),"San Francisco, CA +1",Internship / Co-op,20-40 hrs/week (Flexible/Term-dependent),$60/hr,25% - 45%,Medium (Active 2-3 weeks),Targeted Application + Direct Networking Outreach,eligible,wishlist,https://boards.greenhouse.io/figma/jobs/6178857004?gh_jid=6178857004,004-work-opportunities/eligible/opp-72-figma-data-science-intern-2027.md,"Align core data science competencies: Python (NumPy, pandas, Scikit-Learn), exploratory data analysis, and predictive modeling. | Highlight mathematical and statistical rigor: hypothesis testing, regression analysis, and evaluation metrics (AUC-ROC, F1, RMSE). | [ACTION REQUIRED] Document verified projects in 001-background/projects/ to provide concrete metric evidence.","Production MLOps / Cloud Deployment (AWS SageMaker / GCP Vertex AI / Docker) | Distributed Computing / Big Data pipelines (PySpark / SQL at scale) | Experimentation platforms (A/B testing, causal inference in production)"
opp-73-google-business-data-scientist-intern-phd-summer-2027,73,Google,Business Data Scientist Intern - PhD - Summer 2027,Tier 3: Elite Target Hubs (Visa Sponsorship Track),"Mountain View, CA +30",Internship / Co-op,20-40 hrs/week (Flexible/Term-dependent),$63/hr,5% - 15%,Medium (Active 2-3 weeks),Deprioritize (PhD Requirement Gate),non-eligible,wishlist,https://www.google.com/about/careers/applications/jobs/results/134577198026629830,,"Align core data science competencies: Python (NumPy, pandas, Scikit-Learn), exploratory data analysis, and predictive modeling. | Highlight mathematical and statistical rigor: hypothesis testing, regression analysis, and evaluation metrics (AUC-ROC, F1, RMSE). | [ACTION REQUIRED] Document verified projects in 001-background/projects/ to provide concrete metric evidence.","Production MLOps / Cloud Deployment (AWS SageMaker / GCP Vertex AI / Docker) | Distributed Computing / Big Data pipelines (PySpark / SQL at scale) | Experimentation platforms (A/B testing, causal inference in production)"
opp-74-google-data-scientist-research-intern-phd-summer-2027,74,Google,Data Scientist - Research Intern - PhD - Summer 2027,Tier 3: Elite Target Hubs (Visa Sponsorship Track),"Mountain View, CA +30",Internship / Co-op,20-40 hrs/week (Flexible/Term-dependent),$63/hr,5% - 15%,Medium (Active 2-3 weeks),Deprioritize (PhD Requirement Gate),non-eligible,wishlist,https://www.google.com/about/careers/applications/jobs/results/89965613241246406,,"Align core data science competencies: Python (NumPy, pandas, Scikit-Learn), exploratory data analysis, and predictive modeling. | Highlight mathematical and statistical rigor: hypothesis testing, regression analysis, and evaluation metrics (AUC-ROC, F1, RMSE). | [ACTION REQUIRED] Document verified projects in 001-background/projects/ to provide concrete metric evidence.","Production MLOps / Cloud Deployment (AWS SageMaker / GCP Vertex AI / Docker) | Distributed Computing / Big Data pipelines (PySpark / SQL at scale) | Experimentation platforms (A/B testing, causal inference in production)"
opp-75-google-data-scientist-intern-product,75,Google,Data Scientist Intern - Product,Tier 3: Elite Target Hubs (Visa Sponsorship Track),"31 locations Palo Alto, CA Cambridge, MA Madison, WI Seattle, WA Washington, DC SF Austin, TX LA San Jose, CA Irvine, CA South SF Redwood City, CA Raleigh, NC San Bruno, CA Redmond, WA Durham, NC Ann Arbor, MI Santa Cruz, CA Chicago, IL Goleta, CA Pittsburgh, PA Kirkland, WA Reston, VA NYC Bellevue, WA Sunnyvale, CA Mountain View, CA Portland, OR Boulder, CO Atlanta, GA San Diego, CA",Internship / Co-op,20-40 hrs/week (Flexible/Term-dependent),$35 - $65 / hr (Est. Market Rate),25% - 45%,Medium (Active 2-3 weeks),Targeted Application + Direct Networking Outreach,eligible,wishlist,https://www.google.com/about/careers/applications/jobs/results/119184035237765830?utm_source=Simplify&ref=Simplify,004-work-opportunities/eligible/opp-75-google-data-scientist-intern-product.md,"Align core data science competencies: Python (NumPy, pandas, Scikit-Learn), exploratory data analysis, and predictive modeling. | Highlight mathematical and statistical rigor: hypothesis testing, regression analysis, and evaluation metrics (AUC-ROC, F1, RMSE). | [ACTION REQUIRED] Document verified projects in 001-background/projects/ to provide concrete metric evidence.","Production MLOps / Cloud Deployment (AWS SageMaker / GCP Vertex AI / Docker) | Distributed Computing / Big Data pipelines (PySpark / SQL at scale) | Experimentation platforms (A/B testing, causal inference in production)"
opp-76-google-business-data-scientist-intern,76,Google,Business Data Scientist Intern,Tier 3: Elite Target Hubs (Visa Sponsorship Track),"31 locations Palo Alto, CA Cambridge, MA Madison, WI Seattle, WA Washington, DC SF Austin, TX LA San Jose, CA Irvine, CA South SF Redwood City, CA Raleigh, NC San Bruno, CA Redmond, WA Durham, NC Ann Arbor, MI Santa Cruz, CA Chicago, IL Goleta, CA Pittsburgh, PA Kirkland, WA Reston, VA NYC Bellevue, WA Sunnyvale, CA Mountain View, CA Portland, OR Boulder, CO Atlanta, GA San Diego, CA",Internship / Co-op,20-40 hrs/week (Flexible/Term-dependent),$35 - $65 / hr (Est. Market Rate),25% - 45%,Medium (Active 2-3 weeks),Targeted Application + Direct Networking Outreach,eligible,wishlist,https://www.google.com/about/careers/applications/jobs/results/134577198026629830?utm_source=Simplify&ref=Simplify,004-work-opportunities/eligible/opp-76-google-business-data-scientist-intern.md,"Align core data science competencies: Python (NumPy, pandas, Scikit-Learn), exploratory data analysis, and predictive modeling. | Highlight mathematical and statistical rigor: hypothesis testing, regression analysis, and evaluation metrics (AUC-ROC, F1, RMSE). | [ACTION REQUIRED] Document verified projects in 001-background/projects/ to provide concrete metric evidence.","Production MLOps / Cloud Deployment (AWS SageMaker / GCP Vertex AI / Docker) | Distributed Computing / Big Data pipelines (PySpark / SQL at scale) | Experimentation platforms (A/B testing, causal inference in production)"
opp-77-google-data-scientist-research-intern-phd,77,Google,Data Scientist Research Intern - PhD,Tier 3: Elite Target Hubs (Visa Sponsorship Track),"31 locations Palo Alto, CA Cambridge, MA Madison, WI Seattle, WA Washington, DC SF Austin, TX LA San Jose, CA Irvine, CA South SF Redwood City, CA Raleigh, NC San Bruno, CA Redmond, WA Durham, NC Ann Arbor, MI Santa Cruz, CA Chicago, IL Goleta, CA Pittsburgh, PA Kirkland, WA Reston, VA NYC Bellevue, WA Sunnyvale, CA Mountain View, CA Portland, OR Boulder, CO Atlanta, GA San Diego, CA",Internship / Co-op,20-40 hrs/week (Flexible/Term-dependent),$35 - $65 / hr (Est. Market Rate),5% - 15%,Medium (Active 2-3 weeks),Deprioritize (PhD Requirement Gate),non-eligible,wishlist,https://www.google.com/about/careers/applications/jobs/results/89965613241246406?utm_source=Simplify&ref=Simplify,,"Align core data science competencies: Python (NumPy, pandas, Scikit-Learn), exploratory data analysis, and predictive modeling. | Highlight mathematical and statistical rigor: hypothesis testing, regression analysis, and evaluation metrics (AUC-ROC, F1, RMSE). | [ACTION REQUIRED] Document verified projects in 001-background/projects/ to provide concrete metric evidence.","Production MLOps / Cloud Deployment (AWS SageMaker / GCP Vertex AI / Docker) | Distributed Computing / Big Data pipelines (PySpark / SQL at scale) | Experimentation platforms (A/B testing, causal inference in production)"
opp-78-figma-data-science-intern-2027,78,Figma,Data Science Intern (2027),Tier 3: Elite Target Hubs (Visa Sponsorship Track),"San Francisco, CA • New York, NY",Internship / Co-op,20-40 hrs/week (Flexible/Term-dependent),$35 - $65 / hr (Est. Market Rate),25% - 45%,Medium (Active 2-3 weeks),Targeted Application + Direct Networking Outreach,eligible,wishlist,https://boards.greenhouse.io/figma/jobs/6178857004?gh_jid=6178857004,004-work-opportunities/eligible/opp-78-figma-data-science-intern-2027.md,"Align core data science competencies: Python (NumPy, pandas, Scikit-Learn), exploratory data analysis, and predictive modeling. | Highlight mathematical and statistical rigor: hypothesis testing, regression analysis, and evaluation metrics (AUC-ROC, F1, RMSE). | [ACTION REQUIRED] Document verified projects in 001-background/projects/ to provide concrete metric evidence.","Production MLOps / Cloud Deployment (AWS SageMaker / GCP Vertex AI / Docker) | Distributed Computing / Big Data pipelines (PySpark / SQL at scale) | Experimentation platforms (A/B testing, causal inference in production)"
opp-79-google-data-science-phd-intern,79,Google,Data Science PhD Intern,Tier 3: Elite Target Hubs (Visa Sponsorship Track),"London, UK",Internship / Co-op,20-40 hrs/week (Flexible/Term-dependent),$35 - $65 / hr (Est. Market Rate),5% - 15%,Standard Audit Pool,Deprioritize (PhD Requirement Gate),non-eligible,wishlist,https://www.google.com/about/careers/applications/jobs/results/73321728058499782?utm_source=Simplify&ref=Simplify,,"Align core data science competencies: Python (NumPy, pandas, Scikit-Learn), exploratory data analysis, and predictive modeling. | Highlight mathematical and statistical rigor: hypothesis testing, regression analysis, and evaluation metrics (AUC-ROC, F1, RMSE). | [ACTION REQUIRED] Document verified projects in 001-background/projects/ to provide concrete metric evidence.","Production MLOps / Cloud Deployment (AWS SageMaker / GCP Vertex AI / Docker) | Distributed Computing / Big Data pipelines (PySpark / SQL at scale) | Experimentation platforms (A/B testing, causal inference in production)"
opp-80-google-data-science-phd-intern-2027,80,Google,Data Science PhD Intern - 2027,Tier 3: Elite Target Hubs (Visa Sponsorship Track),"Warsaw, Poland",Internship / Co-op,20-40 hrs/week (Flexible/Term-dependent),$35 - $65 / hr (Est. Market Rate),5% - 15%,Standard Audit Pool,Deprioritize (PhD Requirement Gate),non-eligible,wishlist,https://www.google.com/about/careers/applications/jobs/results/74389446190867142,,"Align core data science competencies: Python (NumPy, pandas, Scikit-Learn), exploratory data analysis, and predictive modeling. | Highlight mathematical and statistical rigor: hypothesis testing, regression analysis, and evaluation metrics (AUC-ROC, F1, RMSE). | [ACTION REQUIRED] Document verified projects in 001-background/projects/ to provide concrete metric evidence.","Production MLOps / Cloud Deployment (AWS SageMaker / GCP Vertex AI / Docker) | Distributed Computing / Big Data pipelines (PySpark / SQL at scale) | Experimentation platforms (A/B testing, causal inference in production)"
opp-81-microsoft-data-scientist-phd-intern,81,Microsoft,Data Scientist PhD Intern,Tier 3: Elite Target Hubs (Visa Sponsorship Track),"Redmond, WA",Internship / Co-op,20-40 hrs/week (Flexible/Term-dependent),$35 - $65 / hr (Est. Market Rate),5% - 15%,Standard Audit Pool,Deprioritize (PhD Requirement Gate),non-eligible,wishlist,https://apply.careers.microsoft.com/careers/job/1970393556986137,,"Align core data science competencies: Python (NumPy, pandas, Scikit-Learn), exploratory data analysis, and predictive modeling. | Highlight mathematical and statistical rigor: hypothesis testing, regression analysis, and evaluation metrics (AUC-ROC, F1, RMSE). | [ACTION REQUIRED] Document verified projects in 001-background/projects/ to provide concrete metric evidence.","Production MLOps / Cloud Deployment (AWS SageMaker / GCP Vertex AI / Docker) | Distributed Computing / Big Data pipelines (PySpark / SQL at scale) | Experimentation platforms (A/B testing, causal inference in production)"
opp-82-microsoft-data-scientist-intern,82,Microsoft,Data Scientist Intern,Tier 3: Elite Target Hubs (Visa Sponsorship Track),"Redmond, WA",Internship / Co-op,20-40 hrs/week (Flexible/Term-dependent),$35 - $65 / hr (Est. Market Rate),25% - 45%,Standard Audit Pool,Targeted Application + Direct Networking Outreach,eligible,wishlist,https://apply.careers.microsoft.com/careers/job/1970393556982928,004-work-opportunities/eligible/opp-82-microsoft-data-scientist-intern.md,"Align core data science competencies: Python (NumPy, pandas, Scikit-Learn), exploratory data analysis, and predictive modeling. | Highlight mathematical and statistical rigor: hypothesis testing, regression analysis, and evaluation metrics (AUC-ROC, F1, RMSE). | [ACTION REQUIRED] Document verified projects in 001-background/projects/ to provide concrete metric evidence.","Production MLOps / Cloud Deployment (AWS SageMaker / GCP Vertex AI / Docker) | Distributed Computing / Big Data pipelines (PySpark / SQL at scale) | Experimentation platforms (A/B testing, causal inference in production)"
opp-83-citadel-sector-data-scientist-2027-intern-us,83,Citadel,Sector Data Scientist - 2027 Intern - US,Tier 3: Elite Target Hubs (Visa Sponsorship Track),"New York City, NY",Internship / Co-op,20-40 hrs/week (Flexible/Term-dependent),$125/hr,25% - 45%,Standard Audit Pool,Targeted Application + Direct Networking Outreach,eligible,wishlist,https://www.citadel.com/careers/details/sector-data-scientist-2027-intern-us,004-work-opportunities/eligible/opp-83-citadel-sector-data-scientist-2027-intern-us.md,"Align core data science competencies: Python (NumPy, pandas, Scikit-Learn), exploratory data analysis, and predictive modeling. | Highlight mathematical and statistical rigor: hypothesis testing, regression analysis, and evaluation metrics (AUC-ROC, F1, RMSE). | [ACTION REQUIRED] Document verified projects in 001-background/projects/ to provide concrete metric evidence.","Production MLOps / Cloud Deployment (AWS SageMaker / GCP Vertex AI / Docker) | Distributed Computing / Big Data pipelines (PySpark / SQL at scale) | Experimentation platforms (A/B testing, causal inference in production)"
opp-84-cook-medical-intern-statistics-data-science,84,Cook Medical,Intern - Statistics & Data Science,Tier 5: General Domestic (Unverified Sponsorship),"Bloomington, IN",Internship / Co-op,20-40 hrs/week (Flexible/Term-dependent),$35 - $65 / hr (Est. Market Rate),15% - 30%,⚠️ URGENT (Posted < 24-48h),Verify Visa Sponsorship Policy Before Applying,eligible,wishlist,https://americas-cookmedical.icims.com/jobs/19412/intern%2c-statistics-%26-data-science/job,004-work-opportunities/eligible/opp-84-cook-medical-intern-statistics-data-science.md,"Align core data science competencies: Python (NumPy, pandas, Scikit-Learn), exploratory data analysis, and predictive modeling. | Highlight mathematical and statistical rigor: hypothesis testing, regression analysis, and evaluation metrics (AUC-ROC, F1, RMSE). | [ACTION REQUIRED] Document verified projects in 001-background/projects/ to provide concrete metric evidence.","Production MLOps / Cloud Deployment (AWS SageMaker / GCP Vertex AI / Docker) | Distributed Computing / Big Data pipelines (PySpark / SQL at scale) | Experimentation platforms (A/B testing, causal inference in production)"
opp-85-mayo-clinic-limited-tenure-associate-data-scientist-a,85,Mayo Clinic,Limited Tenure Associate Data Scientist Analyst - Dr. Helgeson Lab,Tier 5: General Domestic (Unverified Sponsorship),"Jacksonville, FL, United States (Hybrid)",Full-Time / New Grad,Full-Time (40 hrs/week),"$90,000 - $135,000 / yr",15% - 30%,⚠️ URGENT (Posted < 24-48h),Verify Visa Sponsorship Policy Before Applying,non-eligible,wishlist,https://jobright.ai/jobs/info/6ac416894ac55253f5d70d99?utm_campaign=Data%20Analysis&utm_source=1103,,"Align core data science competencies: Python (NumPy, pandas, Scikit-Learn), exploratory data analysis, and predictive modeling. | Highlight mathematical and statistical rigor: hypothesis testing, regression analysis, and evaluation metrics (AUC-ROC, F1, RMSE). | [ACTION REQUIRED] Document verified projects in 001-background/projects/ to provide concrete metric evidence.","Production MLOps / Cloud Deployment (AWS SageMaker / GCP Vertex AI / Docker) | Distributed Computing / Big Data pipelines (PySpark / SQL at scale) | Experimentation platforms (A/B testing, causal inference in production)"
opp-86-mayo-clinic-healthcare-london-limited-tenure-associat,86,Mayo Clinic Healthcare London,Limited Tenure Associate Data Scientist Analyst - Dr. Helgeson Lab,Tier 5: General Domestic (Unverified Sponsorship),"Jacksonville, FL, United States (Hybrid)",Full-Time / New Grad,Full-Time (40 hrs/week),"$90,000 - $135,000 / yr",15% - 30%,⚠️ URGENT (Posted < 24-48h),Verify Visa Sponsorship Policy Before Applying,non-eligible,wishlist,https://jobright.ai/jobs/info/6ac4168e0e027c0f3b3a936a?utm_campaign=Data%20Analysis&utm_source=1103,,"Align core data science competencies: Python (NumPy, pandas, Scikit-Learn), exploratory data analysis, and predictive modeling. | Highlight mathematical and statistical rigor: hypothesis testing, regression analysis, and evaluation metrics (AUC-ROC, F1, RMSE). | [ACTION REQUIRED] Document verified projects in 001-background/projects/ to provide concrete metric evidence.","Production MLOps / Cloud Deployment (AWS SageMaker / GCP Vertex AI / Docker) | Distributed Computing / Big Data pipelines (PySpark / SQL at scale) | Experimentation platforms (A/B testing, causal inference in production)"
opp-87-mayo-clinic-rochester-limited-tenure-associate-data-s,87,Mayo Clinic Rochester,Limited Tenure Associate Data Scientist Analyst - Dr. Helgeson Lab,Tier 5: General Domestic (Unverified Sponsorship),"Jacksonville, FL, United States (Hybrid)",Full-Time / New Grad,Full-Time (40 hrs/week),"$90,000 - $135,000 / yr",15% - 30%,⚠️ URGENT (Posted < 24-48h),Verify Visa Sponsorship Policy Before Applying,non-eligible,wishlist,https://jobright.ai/jobs/info/6ac40c8f372c01f6cd733b2d?utm_campaign=Data%20Analysis&utm_source=1103,,"Align core data science competencies: Python (NumPy, pandas, Scikit-Learn), exploratory data analysis, and predictive modeling. | Highlight mathematical and statistical rigor: hypothesis testing, regression analysis, and evaluation metrics (AUC-ROC, F1, RMSE). | [ACTION REQUIRED] Document verified projects in 001-background/projects/ to provide concrete metric evidence.","Production MLOps / Cloud Deployment (AWS SageMaker / GCP Vertex AI / Docker) | Distributed Computing / Big Data pipelines (PySpark / SQL at scale) | Experimentation platforms (A/B testing, causal inference in production)"
opp-88-guidehouse-data-scientist,88,Guidehouse,Data Scientist,Tier 5: General Domestic (Unverified Sponsorship),"Bethesda, MD, United States (On Site)",Full-Time / New Grad,Full-Time (40 hrs/week),"$90,000 - $135,000 / yr",15% - 30%,⚠️ URGENT (Posted < 24-48h),Verify Visa Sponsorship Policy Before Applying,non-eligible,wishlist,https://jobright.ai/jobs/info/6aaaeb6f76707040fb08313e?utm_campaign=Data%20Analysis&utm_source=1103,,"Align core data science competencies: Python (NumPy, pandas, Scikit-Learn), exploratory data analysis, and predictive modeling. | Highlight mathematical and statistical rigor: hypothesis testing, regression analysis, and evaluation metrics (AUC-ROC, F1, RMSE). | [ACTION REQUIRED] Document verified projects in 001-background/projects/ to provide concrete metric evidence.","Production MLOps / Cloud Deployment (AWS SageMaker / GCP Vertex AI / Docker) | Distributed Computing / Big Data pipelines (PySpark / SQL at scale) | Experimentation platforms (A/B testing, causal inference in production)"
opp-89-tiktok-data-scientist-graduate-multimedia-2027-start,89,TikTok,Data Scientist Graduate (Multimedia) - 2027 Start,Tier 5: General Domestic (Unverified Sponsorship),"San Jose, CA, United States (On Site)",Full-Time / New Grad,Full-Time (40 hrs/week),"$90,000 - $135,000 / yr",15% - 30%,⚠️ URGENT (Posted < 24-48h),Verify Visa Sponsorship Policy Before Applying,non-eligible,wishlist,https://jobright.ai/jobs/info/6a7fcfcfb56bea5779c0f6d7?utm_campaign=Data%20Analysis&utm_source=1103,,"Align core data science competencies: Python (NumPy, pandas, Scikit-Learn), exploratory data analysis, and predictive modeling. | Highlight mathematical and statistical rigor: hypothesis testing, regression analysis, and evaluation metrics (AUC-ROC, F1, RMSE). | [ACTION REQUIRED] Document verified projects in 001-background/projects/ to provide concrete metric evidence.","Production MLOps / Cloud Deployment (AWS SageMaker / GCP Vertex AI / Docker) | Distributed Computing / Big Data pipelines (PySpark / SQL at scale) | Experimentation platforms (A/B testing, causal inference in production)"
opp-90-general-dynamics-information-technology-data-scientis,90,General Dynamics Information Technology,Data Scientist,Tier 5: General Domestic (Unverified Sponsorship),"Hurlburt Field, FL, United States (On Site)",Full-Time / New Grad,Full-Time (40 hrs/week),"$90,000 - $135,000 / yr",15% - 30%,⚠️ URGENT (Posted < 24-48h),Verify Visa Sponsorship Policy Before Applying,non-eligible,wishlist,https://jobright.ai/jobs/info/6ac41aaa064da25272e11350?utm_campaign=Data%20Analysis&utm_source=1103,,"Align core data science competencies: Python (NumPy, pandas, Scikit-Learn), exploratory data analysis, and predictive modeling. | Highlight mathematical and statistical rigor: hypothesis testing, regression analysis, and evaluation metrics (AUC-ROC, F1, RMSE). | [ACTION REQUIRED] Document verified projects in 001-background/projects/ to provide concrete metric evidence.","Production MLOps / Cloud Deployment (AWS SageMaker / GCP Vertex AI / Docker) | Distributed Computing / Big Data pipelines (PySpark / SQL at scale) | Experimentation platforms (A/B testing, causal inference in production)"
opp-91-booz-allen-hamilton-data-scientist,91,Booz Allen Hamilton,Data Scientist,Tier 5: General Domestic (Unverified Sponsorship),"Fort Meade, MD, United States (On Site)",Full-Time / New Grad,Full-Time (40 hrs/week),"$90,000 - $135,000 / yr",15% - 30%,⚠️ URGENT (Posted < 24-48h),Verify Visa Sponsorship Policy Before Applying,non-eligible,wishlist,https://jobright.ai/jobs/info/6a9b4dd4fe45b8490f607efb?utm_campaign=Data%20Analysis&utm_source=1103,,"Align core data science competencies: Python (NumPy, pandas, Scikit-Learn), exploratory data analysis, and predictive modeling. | Highlight mathematical and statistical rigor: hypothesis testing, regression analysis, and evaluation metrics (AUC-ROC, F1, RMSE). | [ACTION REQUIRED] Document verified projects in 001-background/projects/ to provide concrete metric evidence.","Production MLOps / Cloud Deployment (AWS SageMaker / GCP Vertex AI / Docker) | Distributed Computing / Big Data pipelines (PySpark / SQL at scale) | Experimentation platforms (A/B testing, causal inference in production)"
opp-92-first-solar-data-science-intern-device-characterizati,92,First Solar,Data Science Intern – Device Characterization (Spring 2027),Tier 5: General Domestic (Unverified Sponsorship),"Perrysburg, OH, United States",Internship / Co-op,20-40 hrs/week (Flexible/Term-dependent),$35 - $65 / hr (Est. Market Rate),15% - 30%,⚠️ URGENT (Posted < 24-48h),Verify Visa Sponsorship Policy Before Applying,eligible,wishlist,https://zapply.jobs/l/d/oracle-first-solar-1026161?s=gh-internships-2027,004-work-opportunities/eligible/opp-92-first-solar-data-science-intern-device-characterizati.md,"Align core data science competencies: Python (NumPy, pandas, Scikit-Learn), exploratory data analysis, and predictive modeling. | Highlight mathematical and statistical rigor: hypothesis testing, regression analysis, and evaluation metrics (AUC-ROC, F1, RMSE). | [ACTION REQUIRED] Document verified projects in 001-background/projects/ to provide concrete metric evidence.","Production MLOps / Cloud Deployment (AWS SageMaker / GCP Vertex AI / Docker) | Distributed Computing / Big Data pipelines (PySpark / SQL at scale) | Experimentation platforms (A/B testing, causal inference in production)"
opp-93-omnicom-senior-associate-data-science,93,Omnicom,"Senior Associate, Data Science",Tier 5: General Domestic (Unverified Sponsorship),"New York, NY, United States (Hybrid)",Full-Time / New Grad,Full-Time (40 hrs/week),"$90,000 - $135,000 / yr",15% - 30%,High (Posted this week),Verify Visa Sponsorship Policy Before Applying,non-eligible,wishlist,https://jobright.ai/jobs/info/6aa47dd4c1928370a285e268?utm_campaign=Data%20Analysis&utm_source=1103,,"Align core data science competencies: Python (NumPy, pandas, Scikit-Learn), exploratory data analysis, and predictive modeling. | Highlight mathematical and statistical rigor: hypothesis testing, regression analysis, and evaluation metrics (AUC-ROC, F1, RMSE). | [ACTION REQUIRED] Document verified projects in 001-background/projects/ to provide concrete metric evidence.","Production MLOps / Cloud Deployment (AWS SageMaker / GCP Vertex AI / Docker) | Distributed Computing / Big Data pipelines (PySpark / SQL at scale) | Experimentation platforms (A/B testing, causal inference in production)"
opp-94-international-supply-chain-analytics-data-scientist,94,International,Supply Chain Analytics - Data Scientist,Tier 5: General Domestic (Unverified Sponsorship),"Lisle, IL, United States (On Site)",Full-Time / New Grad,Full-Time (40 hrs/week),"$90,000 - $135,000 / yr",15% - 30%,High (Posted this week),Verify Visa Sponsorship Policy Before Applying,non-eligible,wishlist,https://jobright.ai/jobs/info/6ac004234ac55253f5d6713f?utm_campaign=Data%20Analysis&utm_source=1103,,"Align core data science competencies: Python (NumPy, pandas, Scikit-Learn), exploratory data analysis, and predictive modeling. | Highlight mathematical and statistical rigor: hypothesis testing, regression analysis, and evaluation metrics (AUC-ROC, F1, RMSE). | [ACTION REQUIRED] Document verified projects in 001-background/projects/ to provide concrete metric evidence.","Production MLOps / Cloud Deployment (AWS SageMaker / GCP Vertex AI / Docker) | Distributed Computing / Big Data pipelines (PySpark / SQL at scale) | Experimentation platforms (A/B testing, causal inference in production)"
opp-95-the-new-york-mets-intern-data-science,95,The New York Mets,Intern - Data Science,Tier 5: General Domestic (Unverified Sponsorship),"Queens, NY",Internship / Co-op,20-40 hrs/week (Flexible/Term-dependent),$35 - $65 / hr (Est. Market Rate),15% - 30%,High (Posted this week),Verify Visa Sponsorship Policy Before Applying,eligible,wishlist,https://sterlingmets.wd5.myworkdayjobs.com/en-US/mets/job/Citi-Field--Queens-New-York/Intern--Data-Science_R1508,004-work-opportunities/eligible/opp-95-the-new-york-mets-intern-data-science.md,"Align core data science competencies: Python (NumPy, pandas, Scikit-Learn), exploratory data analysis, and predictive modeling. | Highlight mathematical and statistical rigor: hypothesis testing, regression analysis, and evaluation metrics (AUC-ROC, F1, RMSE). | [ACTION REQUIRED] Document verified projects in 001-background/projects/ to provide concrete metric evidence.","Production MLOps / Cloud Deployment (AWS SageMaker / GCP Vertex AI / Docker) | Distributed Computing / Big Data pipelines (PySpark / SQL at scale) | Experimentation platforms (A/B testing, causal inference in production)"
opp-96-atlassian-data-scientist-2027-graduate-us,96,Atlassian,"Data Scientist, 2027 Graduate U.S.",Tier 5: General Domestic (Unverified Sponsorship),"Seattle, WA, United States (On Site)",Full-Time / New Grad,Full-Time (40 hrs/week),"$90,000 - $135,000 / yr",25% - 45%,High (Posted this week),Targeted Application + Direct Networking Outreach,eligible,wishlist,https://jobright.ai/jobs/info/6abd3b9c064da25272dfc29a?utm_campaign=Data%20Analysis&utm_source=1103,004-work-opportunities/eligible/opp-96-atlassian-data-scientist-2027-graduate-us.md,"Align core data science competencies: Python (NumPy, pandas, Scikit-Learn), exploratory data analysis, and predictive modeling. | Highlight mathematical and statistical rigor: hypothesis testing, regression analysis, and evaluation metrics (AUC-ROC, F1, RMSE). | [ACTION REQUIRED] Document verified projects in 001-background/projects/ to provide concrete metric evidence.","Production MLOps / Cloud Deployment (AWS SageMaker / GCP Vertex AI / Docker) | Distributed Computing / Big Data pipelines (PySpark / SQL at scale) | Experimentation platforms (A/B testing, causal inference in production)"
opp-97-accenture-federal-services-jr-data-scientist,97,Accenture Federal Services,Jr. Data Scientist,Tier 5: General Domestic (Unverified Sponsorship),"Annapolis Junction, MD, United States (On Site)",Full-Time / New Grad,Full-Time (40 hrs/week),"$90,000 - $135,000 / yr",15% - 30%,High (Posted this week),Verify Visa Sponsorship Policy Before Applying,non-eligible,wishlist,https://jobright.ai/jobs/info/6a555b204119652ff3865315?utm_campaign=Data%20Analysis&utm_source=1103,,"Align core data science competencies: Python (NumPy, pandas, Scikit-Learn), exploratory data analysis, and predictive modeling. | Highlight mathematical and statistical rigor: hypothesis testing, regression analysis, and evaluation metrics (AUC-ROC, F1, RMSE). | [ACTION REQUIRED] Document verified projects in 001-background/projects/ to provide concrete metric evidence.","Production MLOps / Cloud Deployment (AWS SageMaker / GCP Vertex AI / Docker) | Distributed Computing / Big Data pipelines (PySpark / SQL at scale) | Experimentation platforms (A/B testing, causal inference in production)"
opp-98--2027-co-op-data-science-computational-biology-resear,98,↳,2027 Co-op Data Science & Computational Biology (Research),Tier 5: General Domestic (Unverified Sponsorship),"Tarrytown, NY, United States (On Site)",Internship / Co-op,20-40 hrs/week (Flexible/Term-dependent),"$90,000 - $135,000 / yr",15% - 30%,High (Posted this week),Verify Visa Sponsorship Policy Before Applying,non-eligible,wishlist,https://jobright.ai/jobs/info/6abfc3ca0e027c0f3b39dcff?utm_campaign=Data%20Analysis&utm_source=1103,,"Align core data science competencies: Python (NumPy, pandas, Scikit-Learn), exploratory data analysis, and predictive modeling. | Highlight mathematical and statistical rigor: hypothesis testing, regression analysis, and evaluation metrics (AUC-ROC, F1, RMSE). | [ACTION REQUIRED] Document verified projects in 001-background/projects/ to provide concrete metric evidence.","Production MLOps / Cloud Deployment (AWS SageMaker / GCP Vertex AI / Docker) | Distributed Computing / Big Data pipelines (PySpark / SQL at scale) | Experimentation platforms (A/B testing, causal inference in production)"
opp-99-ge-vernova-data-scientist,99,GE Vernova,Data Scientist,Tier 5: General Domestic (Unverified Sponsorship),"Greenville, SC, United States (On Site)",Full-Time / New Grad,Full-Time (40 hrs/week),"$90,000 - $135,000 / yr",15% - 30%,High (Posted this week),Verify Visa Sponsorship Policy Before Applying,non-eligible,wishlist,https://jobright.ai/jobs/info/6aa3968b5c11cce360364fcb?utm_campaign=Data%20Analysis&utm_source=1103,,"Align core data science competencies: Python (NumPy, pandas, Scikit-Learn), exploratory data analysis, and predictive modeling. | Highlight mathematical and statistical rigor: hypothesis testing, regression analysis, and evaluation metrics (AUC-ROC, F1, RMSE). | [ACTION REQUIRED] Document verified projects in 001-background/projects/ to provide concrete metric evidence.","Production MLOps / Cloud Deployment (AWS SageMaker / GCP Vertex AI / Docker) | Distributed Computing / Big Data pipelines (PySpark / SQL at scale) | Experimentation platforms (A/B testing, causal inference in production)"
opp-100-stripe-phd-data-scientist-intern,100,Stripe,PhD Data Scientist - Intern,Tier 5: General Domestic (Unverified Sponsorship),"New York City, NY",Internship / Co-op,20-40 hrs/week (Flexible/Term-dependent),$60/hr,5% - 15%,High (Posted this week),Deprioritize (PhD Requirement Gate),non-eligible,wishlist,https://stripe.com/jobs/search?gh_jid=8194283,,"Align core data science competencies: Python (NumPy, pandas, Scikit-Learn), exploratory data analysis, and predictive modeling. | Highlight mathematical and statistical rigor: hypothesis testing, regression analysis, and evaluation metrics (AUC-ROC, F1, RMSE). | [ACTION REQUIRED] Document verified projects in 001-background/projects/ to provide concrete metric evidence.","Production MLOps / Cloud Deployment (AWS SageMaker / GCP Vertex AI / Docker) | Distributed Computing / Big Data pipelines (PySpark / SQL at scale) | Experimentation platforms (A/B testing, causal inference in production)"
